the-gnasher,str,,8,8
the-gnasher,openwounds,,50,50
the-gnasher,crush,,20,20
the-gnasher,dmg%,,60,70
deathspade,stupidity,,1,1
deathspade,dmg-min,,8,8
deathspade,att%,,15,15
deathspade,mana-kill,,4,4
deathspade,dmg%,,60,70
bladebone,dmg-undead,,100,100
bladebone,att-undead,,40,40
bladebone,swing2,,20,20
bladebone,ac,,20,20
bladebone,fire-min,,8,8
bladebone,fire-max,,12,12
bladebone,dmg%,,30,50
mindrend,stupidity,,2,2
mindrend,regen-mana,,20,20
mindrend,ltng-min,,1,1
mindrend,ltng-max,,12,15
mindrend,att,,50,100
mindrend,dmg%,,60,100
mindrend,openwounds,,15,15
rakescar,pois-min,,128,128
rakescar,pois-max,,128,128
rakescar,pois-len,,75,75
rakescar,att,,50,50
rakescar,res-pois,,50,50
rakescar,dmg%,,75,150
rakescar,swing2,,30,30
fechmars-axe,dmg%,,70,90
fechmars-axe,freeze,,3,3
fechmars-axe,res-cold,,50,50
fechmars-axe,light,,2,2
goreshovel,swing3,,30,30
goreshovel,str,,25,25
goreshovel,openwounds,,60,60
goreshovel,dmg%,,40,50
goreshovel,dmg-max,,9,9
the-chieftan,dmg%,,100,100
the-chieftan,res-all,,10,20
the-chieftan,mana-kill,,6,6
the-chieftan,swing2,,20,20
the-chieftan,dmg-ltng,,1,40
brainhew,dmg-min,,14,14
brainhew,mana,,25,25
brainhew,light,,4,4
brainhew,manasteal,,10,13
brainhew,dmg%,,50,80
brainhew,dmg-fire,,15,35
the-humongous,str,,20,30
the-humongous,dmg-min,,8,8
the-humongous,dmg-max,,15,25
the-humongous,crush,,33,33
the-humongous,ease,,20,20
the-humongous,dmg%,,80,120
iros-torch,nec,,1,1
iros-torch,lifesteal,,6,6
iros-torch,dmg-fire,,5,9
iros-torch,light,,3,3
iros-torch,enr,,10,10
iros-torch,regen-mana,,5,5
maelstromwrath,ltng-min,,1,1
maelstromwrath,ltng-max,,9,9
maelstromwrath,res-ltng,,40,40
maelstromwrath,mana,,13,13
maelstromwrath,cast2,,30,30
maelstromwrath,skill,74,1,3
maelstromwrath,skill,77,1,3
maelstromwrath,skill,66,1,3
maelstromwrath,skill,76,1,3
gravenspine,str,,10,10
gravenspine,dex,,10,10
gravenspine,cold-min,,4,4
gravenspine,cold-max,,8,8
gravenspine,cold-len,,75,75
gravenspine,manasteal,,5,5
gravenspine,nec,,2,2
gravenspine,mana,,25,50
umes-lament,nec,,2,2
umes-lament,mana,,40,40
umes-lament,cast2,,20,20
umes-lament,howl,,64,64
umes-lament,skill,77,3,3
umes-lament,skill,87,2,2
felloak,res-ltng,,60,60
felloak,res-fire,,20,20
felloak,knock,,1,1
felloak,fire-min,,6,6
felloak,fire-max,,8,8
felloak,dmg%,,70,80
knell-striker,crush,,25,25
knell-striker,res-fire,,20,20
knell-striker,res-pois,,20,20
knell-striker,mana,,15,15
knell-striker,att,,35,35
knell-striker,dmg%,,70,80
rusthandle,pal,,1,1
rusthandle,dmg-norm,,3,7
rusthandle,red-mag,,1,1
rusthandle,lifesteal,,8,8
rusthandle,dmg%,,50,60
rusthandle,dmg-undead,,50,60
rusthandle,skill,111,1,3
rusthandle,skill,103,3,3
stormeye,dmg-ltng,,1,6
stormeye,dmg-cold,75,3,5
stormeye,regen,,10,10
stormeye,dmg%,,80,120
stormeye,skill,110,3,5
stormeye,skill,118,3,3
stormeye,skill,121,1,1
stoutnail,thorns,,3,10
stoutnail,dmg%,,100,100
stoutnail,vit,,7,7
stoutnail,red-mag,,2,2
crushflange,str,,15,15
crushflange,knock,,1,1
crushflange,light,,2,2
crushflange,res-fire,,50,50
crushflange,dmg%,,50,60
crushflange,crush,,33,33
bloodrise,dmg%,,120,120
bloodrise,att%,,50,50
bloodrise,openwounds,,25,25
bloodrise,light,,2,2
bloodrise,swing1,,10,10
bloodrise,skill,96,3,3
bloodrise,lifesteal,,5,5
the-generals-tan-do-li-ga,dmg-min,,1,1
the-generals-tan-do-li-ga,dmg-max,,20,20
the-generals-tan-do-li-ga,slow,,50,50
the-generals-tan-do-li-ga,ac,,25,25
the-generals-tan-do-li-ga,manasteal,,5,5
the-generals-tan-do-li-ga,dmg%,,50,60
the-generals-tan-do-li-ga,swing2,,20,20
ironstone,att,,100,150
ironstone,dmg%,,100,150
ironstone,ltng-min,,1,1
ironstone,ltng-max,,10,10
ironstone,str,,10,10
ironstone,*enr,,-5,-5
bonesob,dmg%,,200,300
bonesob,crush,,40,40
bonesob,res-fire,,30,30
bonesob,res-cold,,30,30
bonesob,dmg-undead,,50,50
steeldriver,ease,,-50,-50
steeldriver,swing3,,40,40
steeldriver,regen-stam,,25,25
steeldriver,dmg%,,150,250
rixots-keen,dmg-min,,5,5
rixots-keen,att%,,20,20
rixots-keen,light,,2,2
rixots-keen,crush,,25,25
rixots-keen,ac,,25,25
rixots-keen,dmg%,,100,100
blood-crescent,res-all,,15,15
blood-crescent,dmg%,,60,80
blood-crescent,hp,,15,15
blood-crescent,light,,4,4
blood-crescent,openwounds,,33,33
blood-crescent,swing2,,15,15
blood-crescent,lifesteal,,15,15
krintizs-skewer,ignore-ac,,1,1
krintizs-skewer,str,,10,10
krintizs-skewer,dex,,10,10
krintizs-skewer,manasteal,,7,7
krintizs-skewer,dmg%,,50,50
krintizs-skewer,dmg-norm,,3,7
gleamscythe,light,,3,3
gleamscythe,mana,,30,30
gleamscythe,ac,,20,20
gleamscythe,swing2,,20,20
gleamscythe,dmg%,,60,100
gleamscythe,dmg-cold,50,3,5
azurewrath,deadly,,50,50
azurewrath,mag%,,10,10
azurewrath,dmg-cold,100,3,6
azurewrath,dmg%,,100,100
azurewrath,dur,,25,25
azurewrath,dmg-mag,,5,10
griswolds-edge,fire-min,,10,12
griswolds-edge,fire-max,,15,25
griswolds-edge,att,,100,100
griswolds-edge,swing1,,10,10
griswolds-edge,knock,,1,1
griswolds-edge,dmg%,,80,120
griswolds-edge,str,,12,12
hellplague,manasteal,,5,5
hellplague,lifesteal,,5,5
hellplague,pois-min,,48,48
hellplague,pois-max,,96,96
hellplague,pois-len,,150,150
hellplague,dmg%,,70,80
hellplague,dmg-fire,,25,75
hellplague,fireskill,,2,2
culwens-point,allskills,,1,1
culwens-point,res-pois-len,,50,50
culwens-point,balance2,,20,20
culwens-point,swing2,,20,20
culwens-point,att,,60,60
culwens-point,dmg%,,70,80
shadowfang,manasteal,,9,9
shadowfang,res-cold,,20,20
shadowfang,light,,-2,-2
shadowfang,dmg-cold,150,10,30
shadowfang,dmg%,,100,100
shadowfang,lifesteal,,9,9
soulflay,manasteal,,4,10
soulflay,lifesteal,,4,4
soulflay,dmg%,,70,100
soulflay,res-all,,5,5
soulflay,swing2,,10,10
kinemils-awl,att,,100,150
kinemils-awl,mana,,20,20
kinemils-awl,fire-min,,6,6
kinemils-awl,fire-max,,20,40
kinemils-awl,dmg%,,80,100
kinemils-awl,skill,102,6,6
blacktongue,dmg-pois,150,192,192
blacktongue,noheal,,1,1
blacktongue,att,,50,50
blacktongue,res-pois,,50,50
blacktongue,dmg%,,50,60
blacktongue,*hp,,-10,-10
ripsaw,openwounds,,80,80
ripsaw,dmg-max,,15,15
ripsaw,manasteal,,6,6
ripsaw,dmg%,,80,100
the-patriarch,red-dmg,,3,3
the-patriarch,red-mag,,3,3
the-patriarch,stupidity,,1,1
the-patriarch,gold%,,100,100
the-patriarch,dmg%,,100,120
the-patriarch,str,,10,10
gull,dmg-min,,1,1
gull,dmg-max,,15,15
gull,mag%,,100,100
gull,mana,,-5,-5
the-diggler,dex,,10,10
the-diggler,dmg%,,50,50
the-diggler,swing3,,30,30
the-diggler,res-cold,,25,25
the-diggler,res-fire,,25,25
the-diggler,ignore-ac,,1,1
the-jade-tan-do,att,,100,150
the-jade-tan-do,nofreeze,,1,1
the-jade-tan-do,dmg-pois,100,460,460
the-jade-tan-do,res-pois,,95,95
the-jade-tan-do,res-pois-max,,20,20
irices-shard,cast3,,50,50
irices-shard,mana,,50,50
irices-shard,att,,55,55
irices-shard,res-all,,10,10
the-dragon-chang,att,,35,35
the-dragon-chang,dmg-min,,10,10
the-dragon-chang,light,,2,2
the-dragon-chang,dmg-undead,,100,100
the-dragon-chang,dmg-fire,,3,6
razortine,slow,,25,25
razortine,reduce-ac,,50,50
razortine,str,,15,15
razortine,dex,,8,8
razortine,swing2,,30,30
razortine,dmg%,,30,50
bloodthief,openwounds,,35,35
bloodthief,str,,10,10
bloodthief,lifesteal,,8,12
bloodthief,hp,,26,26
bloodthief,dmg%,,50,70
lance-of-yaggai,thorns,,8,8
lance-of-yaggai,ltng-min,,1,1
lance-of-yaggai,ltng-max,,60,60
lance-of-yaggai,res-all,,15,15
lance-of-yaggai,swing2,,40,40
the-tannr-gorerod,fire-min,,23,23
the-tannr-gorerod,fire-max,,54,54
the-tannr-gorerod,res-fire-max,,15,15
the-tannr-gorerod,hp,,30,30
the-tannr-gorerod,att,,60,60
the-tannr-gorerod,light,,3,3
the-tannr-gorerod,res-fire,,15,15
the-tannr-gorerod,dmg%,,80,100
dimoaks-hew,dex,,15,15
dimoaks-hew,dmg%,,100,100
dimoaks-hew,swing2,,20,20
dimoaks-hew,ac,,-8,-8
steelgoad,howl,,96,96
steelgoad,deadly,,30,30
steelgoad,att,,30,30
steelgoad,res-all,,5,5
steelgoad,dmg%,,60,80
steelgoad,dur,,20,40
soul-harvest,openwounds,,30,30
soul-harvest,att,,45,45
soul-harvest,res-all,,20,20
soul-harvest,dmg%,,50,90
soul-harvest,manasteal,,10,10
soul-harvest,enr,,5,5
the-battlebranch,swing3,,30,30
the-battlebranch,dex,,10,10
the-battlebranch,dmg%,,50,70
the-battlebranch,att,,50,100
the-battlebranch,lifesteal,,7,7
woestave,slow,,50,50
woestave,openwounds,,50,50
woestave,stupidity,,3,3
woestave,dmg-ac,,-50,-50
woestave,freeze,,1,1
woestave,light,,-3,-3
woestave,noheal,,1,1
woestave,dmg%,,20,40
woestave,*enr,,-30,-30
the-grim-reaper,deadly,,100,100
the-grim-reaper,noheal,,1,1
the-grim-reaper,manasteal,,5,5
the-grim-reaper,dmg%,,20,20
the-grim-reaper,dmg-min,,15,15
the-grim-reaper,*hp,,-20,-20
bane-ash,fire-min,,4,4
bane-ash,fire-max,,6,6
bane-ash,res-fire,,50,50
bane-ash,mana,,30,30
bane-ash,swing2,,20,20
bane-ash,dmg%,,50,60
bane-ash,skill,36,5,5
bane-ash,skill,37,2,2
serpent-lord,dmg-pois,75,40,40
serpent-lord,res-pois,,50,50
serpent-lord,light,,-1,-1
serpent-lord,mana,,10,10
serpent-lord,dmg%,,30,40
serpent-lord,manasteal,,100,100
serpent-lord,reduce-ac,,50,50
lazarus-spire,res-ltng,,75,75
lazarus-spire,red-dmg,,5,5
lazarus-spire,enr,,15,15
lazarus-spire,skill,53,1,1
lazarus-spire,skill,49,2,2
lazarus-spire,skill,42,3,3
lazarus-spire,regen-mana,,43,43
lazarus-spire,dmg-ltng,,1,28
lazarus-spire,sor,,1,1
the-salamander,dmg-fire,,15,32
the-salamander,res-fire,,30,30
the-salamander,skill,51,1,1
the-salamander,skill,47,2,2
the-salamander,skill,37,3,3
the-salamander,fireskill,,2,2
the-iron-jang-bong,ac,,30,30
the-iron-jang-bong,cast3,,20,20
the-iron-jang-bong,dmg%,,100,100
the-iron-jang-bong,att%,,50,50
the-iron-jang-bong,skill,48,2,2
the-iron-jang-bong,skill,46,2,2
the-iron-jang-bong,skill,44,3,3
the-iron-jang-bong,sor,,2,2
pluckeye,att,,28,28
pluckeye,dmg%,,100,100
pluckeye,hp,,10,10
pluckeye,light,,2,2
pluckeye,manasteal,,3,3
pluckeye,mana-kill,,2,2
witherstring,swing3,,30,30
witherstring,dmg-min,,1,1
witherstring,dmg-max,,3,3
witherstring,att,,50,50
witherstring,magicarrow,,3,3
witherstring,dmg%,,40,50
rimeraven,att%,,50,50
rimeraven,dex,,3,3
rimeraven,explosivearrow,,3,3
rimeraven,str,,3,3
rimeraven,dmg%,,60,70
piercerib,res-all,,10,10
piercerib,deadly,,30,30
piercerib,att,,60,60
piercerib,dmg-undead,,100,100
piercerib,dmg%,,40,60
piercerib,swing2,,50,50
pullspite,dmg-ltng,,1,30
pullspite,str,,8,8
pullspite,att,,28,28
pullspite,pierce,,25,25
pullspite,res-ltng,,25,25
pullspite,dmg%,,70,90
wizendraw,magicarrow,,5,5
wizendraw,mana,,30,30
wizendraw,swing2,,20,20
wizendraw,res-cold,,26,26
wizendraw,att,,50,100
wizendraw,dmg%,,70,80
wizendraw,enr,,15,15
wizendraw,pierce-cold,,20,35
hellclap,swing1,,10,10
hellclap,fire-min,,15,15
hellclap,fire-max,,30,50
hellclap,att,,50,75
hellclap,res-fire,,40,40
hellclap,dex,,12,12
hellclap,dmg%,,70,90
hellclap,fireskill,,1,1
blastbark,dmg%,,70,130
blastbark,str,,5,5
blastbark,ama,,1,1
blastbark,manasteal,,3,3
blastbark,skill,16,2,2
leadcrow,dex,,10,10
leadcrow,hp,,10,10
leadcrow,dmg%,,70,70
leadcrow,res-pois,,30,30
leadcrow,deadly,,25,25
leadcrow,att,,40,40
ichorsting,dmg-pois,75,102,102
ichorsting,dex,,20,20
ichorsting,pierce,,50,50
ichorsting,att,,50,50
ichorsting,dmg%,,50,50
ichorsting,swing2,,20,20
hellcast,explosivearrow,,5,5
hellcast,res-fire-max,,15,15
hellcast,res-fire,,15,15
hellcast,att,,70,70
hellcast,swing2,,20,20
hellcast,dmg%,,70,80
hellcast,dmg-fire,,15,35
doomspittle,ama,,1,1
doomspittle,pierce,,35,35
doomspittle,swing3,,30,30
doomspittle,hp,,15,15
doomspittle,dmg%,,60,100
war-bonnet,hp,,15,15
war-bonnet,att,,30,30
war-bonnet,dmg%,,30,30
war-bonnet,mana,,15,15
war-bonnet,ac,,14,14
tarnhelm,gold%,,75,75
tarnhelm,mag%,,25,50
tarnhelm,allskills,,1,1
coif-of-glory,light-thorns,,7,7
coif-of-glory,stupidity,,1,1
coif-of-glory,res-ltng,,15,15
coif-of-glory,ac-miss,,100,100
coif-of-glory,ac,,10,10
duskdeep,light,,-2,-2
duskdeep,res-all,,15,15
duskdeep,red-dmg,,7,7
duskdeep,dmg-max,,8,8
duskdeep,ac,,10,20
duskdeep,ac%,,30,50
wormskull,nec,,1,1
wormskull,lifesteal,,5,5
wormskull,mana,,10,10
wormskull,res-pois,,25,25
wormskull,dmg-pois,200,102,102
howltusk,red-mag,,2,2
howltusk,thorns,,3,3
howltusk,ac%,,80,80
howltusk,dmg-to-mana,,35,35
howltusk,knock,,1,1
howltusk,howl,,33,33
undead-crown,lifesteal,,5,5
undead-crown,ac,,40,40
undead-crown,res-pois,,50,50
undead-crown,half-freeze,,1,1
undead-crown,ac%,,30,60
undead-crown,dmg-undead,,50,50
undead-crown,att-undead,,50,100
undead-crown,skill,69,3,3
the-face-of-horror,howl,,64,64
the-face-of-horror,str,,20,20
the-face-of-horror,res-all,,10,10
the-face-of-horror,dmg-undead,,50,50
the-face-of-horror,ac,,25,25
greyform,red-mag,,3,3
greyform,res-cold,,20,20
greyform,res-fire,,20,20
greyform,dex,,10,10
greyform,lifesteal,,5,5
greyform,ac,,20,20
blinkbats-form,ac-miss,,50,50
blinkbats-form,move2,,10,10
blinkbats-form,ac,,25,25
blinkbats-form,fire-min,,3,3
blinkbats-form,fire-max,,6,6
blinkbats-form,balance2,,40,40
the-centurion,ac,,30,30
the-centurion,att,,50,50
the-centurion,red-dmg,,2,2
the-centurion,hp,,15,15
the-centurion,mana,,15,15
the-centurion,stam,,15,15
the-centurion,regen,,5,5
the-centurion,stamdrain,,25,25
twitchthroe,swing2,,20,20
twitchthroe,dex,,10,10
twitchthroe,block,,25,25
twitchthroe,ac,,25,25
twitchthroe,str,,10,10
twitchthroe,balance2,,20,20
darkglow,att,,20,20
darkglow,res-all-max,,5,5
darkglow,light,,3,3
darkglow,ac-hth,,50,50
darkglow,res-all,,10,10
darkglow,ac%,,70,100
hawkmail,ac%,,80,100
hawkmail,res-cold-max,,15,15
hawkmail,res-cold,,15,15
hawkmail,nofreeze,,1,1
hawkmail,move2,,10,10
sparking-mail,ac%,,75,85
sparking-mail,dmg-ltng,,1,20
sparking-mail,light-thorns,,10,14
sparking-mail,res-ltng,,30,30
venomsward,res-pois-max,,15,15
venomsward,res-pois-len,,50,50
venomsward,res-pois,,90,90
venomsward,light,,2,2
venomsward,ac%,,60,100
iceblink,freeze,,1,1
iceblink,res-cold,,30,30
iceblink,light,,4,4
iceblink,red-mag,,1,1
iceblink,ac%,,70,80
boneflesh,lifesteal,,5,5
boneflesh,ac%,,100,120
boneflesh,att,,35,35
boneflesh,openwounds,,25,25
rockfleece,ease,,-10,-10
rockfleece,ac%,,100,130
rockfleece,red-dmg%,,10,10
rockfleece,red-dmg,,5,5
rockfleece,str,,5,5
rattlecage,howl,,52,52
rattlecage,att,,45,45
rattlecage,crush,,25,25
rattlecage,ac,,200,200
goldskin,ac%,,120,150
goldskin,res-all,,35,35
goldskin,thorns,,10,10
goldskin,light,,2,2
goldskin,gold%,,100,100
victors-silk,manasteal,,5,5
victors-silk,allskills,,1,1
victors-silk,light,,2,2
victors-silk,ac%,,100,120
heavenly-garb,ac%,,100,100
heavenly-garb,res-all,,10,10
heavenly-garb,regen-mana,,25,25
heavenly-garb,enr,,15,15
heavenly-garb,dmg-undead,,50,50
heavenly-garb,att-undead,,100,100
pelta-lunata,ac,,30,30
pelta-lunata,vit,,10,10
pelta-lunata,str,,2,2
pelta-lunata,enr,,10,10
pelta-lunata,ac%,,30,40
pelta-lunata,block,,20,20
pelta-lunata,block2,,40,40
pelta-lunata,dur,,8,12
umbral-disk,stupidity,,1,1
umbral-disk,dex,,10,10
umbral-disk,ac,,30,30
umbral-disk,hp,,20,20
umbral-disk,light,,-2,-2
umbral-disk,ac%,,40,50
umbral-disk,block,,30,30
umbral-disk,dur,,10,15
stormguild,red-mag,,1,1
stormguild,res-ltng,,25,25
stormguild,ac,,30,30
stormguild,dmg-ltng,,1,6
stormguild,ac%,,50,60
stormguild,block,,30,30
stormguild,light-thorns,,3,3
stormguild,dur,,10,15
wall-of-the-eyeless,mana-kill,,5,5
wall-of-the-eyeless,manasteal,,3,3
wall-of-the-eyeless,cast2,,20,20
wall-of-the-eyeless,res-pois,,20,20
wall-of-the-eyeless,ac%,,30,40
wall-of-the-eyeless,ac,,10,10
swordback-hold,thorns,,5,5
swordback-hold,block,,20,20
swordback-hold,openwounds,,50,50
swordback-hold,bloody,,3,5
swordback-hold,ac%,,30,60
swordback-hold,thorns,,5,5
swordback-hold,ac,,10,10
steelclash,block,,25,25
steelclash,pal,,1,1
steelclash,red-dmg,,3,3
steelclash,light,,3,3
steelclash,ac%,,60,100
steelclash,block2,,20,20
steelclash,res-all,,15,15
steelclash,ac,,20,20
steelclash,dur,,15,20
bverrit-keep,ac,,30,30
bverrit-keep,res-fire,,75,75
bverrit-keep,str,,5,5
bverrit-keep,red-mag,,5,5
bverrit-keep,ac%,,80,120
bverrit-keep,block,,10,10
bverrit-keep,dur,,80,100
the-ward,ac,,40,40
the-ward,red-mag,,2,2
the-ward,str,,10,10
the-ward,block,,10,10
the-ward,ac%,,100,100
the-ward,res-all,,30,50
the-hand-of-broc,manasteal,,3,3
the-hand-of-broc,lifesteal,,3,3
the-hand-of-broc,res-pois,,10,10
the-hand-of-broc,mana,,20,20
the-hand-of-broc,ac,,10,10
the-hand-of-broc,ac%,,10,20
bloodfist,dmg-min,,5,5
bloodfist,hp,,40,40
bloodfist,balance2,,30,30
bloodfist,ac,,10,10
bloodfist,ac%,,10,20
bloodfist,swing2,,10,10
chance-guards,gold%,,200,200
chance-guards,mag%,,25,40
chance-guards,att,,25,25
chance-guards,ac,,15,15
chance-guards,light,,2,2
chance-guards,ac%,,20,30
magefist,cast3,,20,20
magefist,regen-mana,,25,25
magefist,fireskill,,1,1
magefist,dmg-fire,,1,6
magefist,ac,,10,10
magefist,ac%,,20,30
frostburn,ac,,30,30
frostburn,dmg%,,5,5
frostburn,mana%,,40,40
frostburn,dmg-cold,50,1,6
frostburn,ac%,,10,20
hotspur,res-fire-max,,15,15
hotspur,hp,,15,15
hotspur,dmg-fire,,3,6
hotspur,ac,,6,6
hotspur,res-fire,,45,45
hotspur,ac%,,10,20
gorefoot,bloody,,3,5
gorefoot,move2,,20,20
gorefoot,manasteal,,2,2
gorefoot,thorns,,2,2
gorefoot,ac,,12,12
gorefoot,ac%,,20,30
gorefoot,skill,132,2,2
treads-of-cthon,move2,,30,30
treads-of-cthon,ac-miss,,50,50
treads-of-cthon,stamdrain,,50,50
treads-of-cthon,hp,,10,10
treads-of-cthon,ac,,12,12
treads-of-cthon,ac%,,30,40
goblin-toe,crush,,25,25
goblin-toe,red-dmg,,1,1
goblin-toe,red-mag,,1,1
goblin-toe,ac,,15,15
goblin-toe,light,,-1,-1
goblin-toe,ac%,,50,60
tearhaunch,ac,,35,35
tearhaunch,str,,5,5
tearhaunch,dex,,5,5
tearhaunch,move2,,20,20
tearhaunch,res-all,,10,10
tearhaunch,ac%,,60,80
tearhaunch,skill,115,2,2
lenyms-cord,mana,,15,15
lenyms-cord,regen-mana,,30,30
lenyms-cord,res-all,,5,5
lenyms-cord,light,,1,1
snakecord,dmg-pois,75,40,40
snakecord,res-pois,,25,25
snakecord,ac,,10,10
snakecord,ac%,,20,30
snakecord,regen,,5,5
snakecord,res-pois-len,,50,50
nightsmoke,res-all,,10,10
nightsmoke,dmg-to-mana,,50,50
nightsmoke,mana,,20,20
nightsmoke,red-dmg,,2,2
nightsmoke,ac,,15,15
nightsmoke,ac%,,30,50
goldwrap,mag%,,30,30
goldwrap,light,,2,2
goldwrap,ac,,25,25
goldwrap,swing2,,10,10
goldwrap,ac%,,40,60
goldwrap,gold%,,50,80
bladebuckle,thorns,,8,8
bladebuckle,ac,,30,30
bladebuckle,red-dmg,,3,3
bladebuckle,str,,5,5
bladebuckle,dex,,10,10
bladebuckle,ac%,,80,100
bladebuckle,balance2,,30,30
nokozan-relic,dmg-fire,,3,6
nokozan-relic,res-fire-max,,10,10
nokozan-relic,res-fire,,50,50
nokozan-relic,light,,3,3
nokozan-relic,balance2,,20,20
the-eye-of-etlich,ac-miss,,10,40
the-eye-of-etlich,light,,1,5
the-eye-of-etlich,allskills,,1,1
the-eye-of-etlich,lifesteal,,3,7
the-eye-of-etlich,cold-min,,1,2
the-eye-of-etlich,cold-max,,3,5
the-eye-of-etlich,cold-len,,50,250
the-mahim-oak-curio,dex,,10,10
the-mahim-oak-curio,str,,10,10
the-mahim-oak-curio,enr,,10,10
the-mahim-oak-curio,vit,,10,10
the-mahim-oak-curio,ac,,10,10
the-mahim-oak-curio,att%,,10,10
the-mahim-oak-curio,res-all,,10,10
the-mahim-oak-curio,ac%,,10,10
nagelring,red-mag,,3,3
nagelring,thorns,,3,3
nagelring,att,,50,75
nagelring,mag%,,15,30
manald-heal,manasteal,,4,7
manald-heal,regen,,5,8
manald-heal,hp,,20,20
manald-heal,regen-mana,,20,20
the-stone-of-jordan,mana,,20,20
the-stone-of-jordan,mana%,,25,25
the-stone-of-jordan,ltng-min,,1,1
the-stone-of-jordan,allskills,,1,1
the-stone-of-jordan,ltng-max,,12,12
amulet-of-the-viper,mana,,10,10
amulet-of-the-viper,res-pois,,25,25
amulet-of-the-viper,hp,,10,10
staff-of-kings,res-all,,10,10
staff-of-kings,swing3,,50,50
horadric-staff,mana,,10,10
horadric-staff,res-pois,,25,25
horadric-staff,hp,,10,10
horadric-staff,res-all,,10,10
horadric-staff,swing3,,50,50
hell-forge-hammer,fire-min,,5,5
hell-forge-hammer,fire-max,,20,20
hell-forge-hammer,res-fire,,40,40
hell-forge-hammer,ac,,35,35
khalimflail,ltng-min,,1,1
khalimflail,ltng-max,,20,20
khalimflail,swing3,,50,50
khalimflail,att,,40,40
superkhalimflail,ltng-min,,1,1
superkhalimflail,ltng-max,,40,40
superkhalimflail,swing3,,50,50
superkhalimflail,att,,40,40
superkhalimflail,manasteal,,6,6
superkhalimflail,lifesteal,,6,6
coldkill,dmg-cold,50,40,40
coldkill,res-cold,,15,15
coldkill,res-cold-max,,15,15
coldkill,swing3,,30,30
coldkill,hit-skill,45,10,10
coldkill,gethit-skill,44,10,5
coldkill,dmg%,,150,190
butchers-pupil,deadly,,35,35
butchers-pupil,openwounds,,25,25
butchers-pupil,dmg%,,150,200
butchers-pupil,indestruct,,1,1
butchers-pupil,swing3,,30,30
butchers-pupil,dmg-norm,,30,50
islestrike,dru,,2,2
islestrike,str,,10,10
islestrike,dex,,10,10
islestrike,vit,,10,10
islestrike,enr,,10,10
islestrike,ac-miss,,50,50
islestrike,crush,,25,25
islestrike,dmg%,,170,190
islestrike,skill,233,1,1
islestrike,skill,248,1,1
pompes-wrath,hit-skill,244,4,8
pompes-wrath,slow,,50,50
pompes-wrath,dmg-fire,,35,150
pompes-wrath,knock,,1,1
pompes-wrath,dmg%,,140,170
guardian-naga,hit-skill,92,5,8
guardian-naga,thorns,,15,15
guardian-naga,res-pois,,30,30
guardian-naga,dmg%,,150,180
guardian-naga,dmg-pois,250,256,256
guardian-naga,dmg-max,,20,20
warlords-trust,ac,,75,75
warlords-trust,regen,,20,20
warlords-trust,vit/lvl,4,0,0
warlords-trust,res-all,,10,10
warlords-trust,rep-dur,25,0,0
warlords-trust,dmg%,,175,175
spellsteel,ease,,-60,-60
spellsteel,mana,,100,100
spellsteel,red-mag,,12,15
spellsteel,cast1,,10,10
spellsteel,dmg%,,165,165
spellsteel,regen-mana,,25,25
spellsteel,charged,54,20,1
spellsteel,charged,87,30,3
spellsteel,charged,101,100,10
spellsteel,charged,225,60,12
stormrider,hit-skill,53,5,10
stormrider,hit-skill,38,10,0
stormrider,dmg-ltng,,1,200
stormrider,dmg-norm,,35,75
stormrider,dmg%,,100,100
stormrider,dur,,50,50
stormrider,light-thorns,,15,15
stormrider,gethit-skill,38,15,5
boneslayer-blade,att-und/lvl,10,0,0
boneslayer-blade,dmg-und/lvl,20,0,0
boneslayer-blade,str,,8,8
boneslayer-blade,swing2,,20,20
boneslayer-blade,att%,,35,35
boneslayer-blade,dmg%,,180,220
boneslayer-blade,charged,101,200,20
boneslayer-blade,gethit-skill,101,50,0
the-minataur,stupidity,,2,2
the-minataur,half-freeze,,1,1
the-minataur,str,,15,20
the-minataur,slow,,50,50
the-minataur,crush,,30,30
the-minataur,dmg-norm,,20,30
the-minataur,dmg%,,140,200
suicide-branch,thorns,,25,25
suicide-branch,cast2,,50,50
suicide-branch,res-all,,10,10
suicide-branch,mana%,,10,10
suicide-branch,hp,,40,40
suicide-branch,allskills,,1,1
carin-shard,hp/lvl,10,0,0
carin-shard,cast2,,10,10
carin-shard,mana/lvl,10,0,0
carin-shard,balance2,,30,30
carin-shard,regen,,5,5
carin-shard,nec,,1,1
carin-shard,skilltab,8,2,2
arm-of-king-leoric,skilltab,8,2,2
arm-of-king-leoric,gethit-skill,93,5,10
arm-of-king-leoric,mana/lvl,10,0,0
arm-of-king-leoric,gethit-skill,88,10,2
arm-of-king-leoric,cast1,,10,10
arm-of-king-leoric,skilltab,7,2,2
arm-of-king-leoric,skill,77,2,2
arm-of-king-leoric,skill,80,2,2
arm-of-king-leoric,skill,69,3,3
arm-of-king-leoric,skill,70,3,3
blackhand-key,skilltab,6,1,1
blackhand-key,dmg-to-mana,,20,20
blackhand-key,hp,,50,50
blackhand-key,light,,-2,-2
blackhand-key,cast3,,30,30
blackhand-key,res-fire,,37,37
blackhand-key,nec,,2,2
blackhand-key,charged,150,30,13
dark-clan-crusher,dru,,2,2
dark-clan-crusher,dmg-demon,,200,200
dark-clan-crusher,att-demon,,200,200
dark-clan-crusher,dmg%,,195,195
dark-clan-crusher,att%,,20,25
dark-clan-crusher,demon-heal,,15,15
zakarums-hand,manasteal,,8,8
zakarums-hand,ignore-ac,,1,1
zakarums-hand,regen-mana,,10,10
zakarums-hand,regen-stam,,15,15
zakarums-hand,hit-skill,59,6,5
zakarums-hand,dmg%,,180,220
zakarums-hand,swing2,,30,30
zakarums-hand,skill,114,2,2
zakarums-hand,skill,118,2,2
the-fetid-sprinkler,pal,,2,2
the-fetid-sprinkler,hit-skill,87,5,1
the-fetid-sprinkler,hit-skill,81,10,1
the-fetid-sprinkler,dmg-pois,100,409,409
the-fetid-sprinkler,dmg%,,160,190
the-fetid-sprinkler,att,,150,200
the-fetid-sprinkler,dmg-norm,,15,25
hand-of-blessed-light,pal,,2,2
hand-of-blessed-light,dmg%,,130,160
hand-of-blessed-light,att%,,100,100
hand-of-blessed-light,ac,,50,50
hand-of-blessed-light,regen-mana,,15,15
hand-of-blessed-light,light,,4,4
hand-of-blessed-light,dmg-norm,,20,45
hand-of-blessed-light,skill,101,4,4
hand-of-blessed-light,skill,121,2,2
hand-of-blessed-light,hit-skill,121,5,4
fleshrender,openwounds,,25,25
fleshrender,noheal,,1,1
fleshrender,crush,,20,20
fleshrender,deadly,,20,20
fleshrender,dmg-norm,,35,50
fleshrender,dmg%,,130,200
fleshrender,dru,,1,1
fleshrender,skilltab,16,2,2
fleshrender,dur,,20,20
sureshrill-frost,dmg-cold,125,63,112
sureshrill-frost,nofreeze,,1,1
sureshrill-frost,dmg%,,150,180
sureshrill-frost,dmg-norm,,5,10
sureshrill-frost,freeze,,3,3
sureshrill-frost,charged,64,50,9
moonfall,hit-skill,56,5,6
moonfall,dmg-fire,,55,115
moonfall,red-mag,,9,12
moonfall,dmg%,,120,150
moonfall,light,,2,2
moonfall,charged,56,60,11
moonfall,dmg-norm,,10,15
baezils-vortex,hit-skill,48,5,8
baezils-vortex,dmg-ltng,,1,150
baezils-vortex,mana,,100,100
baezils-vortex,res-ltng,,25,25
baezils-vortex,dmg%,,160,200
baezils-vortex,swing2,,20,20
baezils-vortex,charged,48,80,15
earthshaker,hit-skill,234,5,7
earthshaker,knock,,1,1
earthshaker,swing3,,30,30
earthshaker,dmg%,,180,180
earthshaker,stupidity,,1,1
earthshaker,skilltab,17,3,3
earthshaker,dur,,50,50
bloodtree-stump,crush,,50,50
bloodtree-stump,dmg%,,180,220
bloodtree-stump,res-all,,20,20
bloodtree-stump,str,,25,25
bloodtree-stump,skilltab,13,2,2
bloodtree-stump,skill,129,3,3
bloodtree-stump,dur,,40,40
the-gavel-of-pain,hit-skill,66,5,1
the-gavel-of-pain,gethit-skill,76,5,1
the-gavel-of-pain,thorns,,26,26
the-gavel-of-pain,indestruct,,1,1
the-gavel-of-pain,dmg-norm,,12,30
the-gavel-of-pain,dmg%,,130,160
the-gavel-of-pain,charged,66,3,8
bloodletter,dmg-norm,,12,45
bloodletter,att,,90,90
bloodletter,lifesteal,,8,8
bloodletter,stamdrain,,10,10
bloodletter,swing2,,20,20
bloodletter,dmg%,,140,140
bloodletter,skill,127,2,4
bloodletter,skill,151,1,3
bloodletter,dur,,30,30
coldsteel-eye,stupidity,,1,1
coldsteel-eye,slow,,30,30
coldsteel-eye,deadly,,50,50
coldsteel-eye,dur,,50,50
coldsteel-eye,dmg%,,200,250
coldsteel-eye,swing2,,20,20
coldsteel-eye,manasteal,,6,6
hexfire,charged,62,36,6
hexfire,ignore-ac,,1,1
hexfire,res-fire,,25,25
hexfire,res-fire-max,,10,10
hexfire,dmg-norm,,35,40
hexfire,dmg%,,140,160
hexfire,fireskill,,3,3
blade-of-ali-baba,sock,3,0,0
blade-of-ali-baba,gold%/lvl,20,0,0
blade-of-ali-baba,mag%/lvl,8,0,0
blade-of-ali-baba,mana,,15,15
blade-of-ali-baba,dmg%,,60,120
blade-of-ali-baba,dex,,5,15
ginthers-rift,red-mag,,7,12
ginthers-rift,swing2,,30,30
ginthers-rift,rep-dur,20,0,0
ginthers-rift,dur,,40,40
ginthers-rift,dmg-mag,,50,120
ginthers-rift,dmg%,,100,150
headstriker,noheal,,1,1
headstriker,str,,15,15
headstriker,deadly/lvl,12,0,0
headstriker,dmg/lvl,8,0,0
headstriker,dmg%,,150,150
plague-bearer,hit-skill,92,5,4
plague-bearer,dmg-pois,200,384,384
plague-bearer,dmg-norm,,10,45
plague-bearer,dmg%,,150,150
plague-bearer,res-pois,,45,45
plague-bearer,skill,238,5,5
the-atlantian,dur,,100,100
the-atlantian,ac,,75,75
the-atlantian,str,,16,16
the-atlantian,dex,,12,12
the-atlantian,vit,,8,8
the-atlantian,dmg%,,200,250
the-atlantian,pal,,2,2
the-atlantian,att%,,50,50
crainte-vomir,slow,,35,35
crainte-vomir,dmg-ac,,-70,-70
crainte-vomir,move2,,20,20
crainte-vomir,red-dmg%,,10,10
crainte-vomir,dmg%,,160,200
crainte-vomir,swing3,,50,50
bing-sz-wang,ease,,-30,-30
bing-sz-wang,dmg-cold,75,50,140
bing-sz-wang,str,,20,20
bing-sz-wang,freeze,,2,2
bing-sz-wang,hit-skill,64,5,3
bing-sz-wang,dmg%,,130,160
the-vile-husk,hit-skill,66,6,1
the-vile-husk,dmg-und/lvl,60,0,0
the-vile-husk,res-pois,,50,50
the-vile-husk,dmg-pois,150,426,426
the-vile-husk,dmg%,,150,200
the-vile-husk,att-und/lvl,20,0,0
cloudcrack,hit-skill,121,6,7
cloudcrack,dmg-ltng,,1,240
cloudcrack,ac,,30,30
cloudcrack,light,,2,2
cloudcrack,res-ltng-max,,10,10
cloudcrack,dmg%,,150,200
cloudcrack,light-thorns,,15,15
cloudcrack,skilltab,10,2,2
cloudcrack,skilltab,11,2,2
todesfaelle-flamme,dmg-fire,,50,200
todesfaelle-flamme,res-fire,,40,40
todesfaelle-flamme,abs-fire,,10,10
todesfaelle-flamme,att-skill,47,10,6
todesfaelle-flamme,dmg%,,120,160
todesfaelle-flamme,charged,52,45,10
todesfaelle-flamme,charged,51,20,10
swordguard,ease,,-50,-50
swordguard,ac/lvl,40,0,0
swordguard,res-all,,10,20
swordguard,ac-miss,,100,100
swordguard,dmg-to-mana,,30,30
swordguard,dmg%,,170,180
swordguard,ac-hth,,200,200
swordguard,balance2,,20,20
swordguard,block,,20,20
spineripper,ignore-ac,,1,1
spineripper,lifesteal,,8,8
spineripper,noheal,,1,1
spineripper,swing3,,15,15
spineripper,dex,,10,10
spineripper,dmg%,,200,240
spineripper,dmg-norm,,15,27
spineripper,nec,,1,1
heart-carver,deadly,,35,35
heart-carver,ignore-ac,,1,1
heart-carver,dmg-norm,,15,35
heart-carver,dmg%,,190,240
heart-carver,skill,131,4,4
heart-carver,skill,142,4,4
heart-carver,skill,150,4,4
blackbogs-sharp,slow,,50,50
blackbogs-sharp,ac,,50,50
blackbogs-sharp,dmg-norm,,15,45
blackbogs-sharp,swing3,,30,30
blackbogs-sharp,dmg-pois,250,500,500
blackbogs-sharp,skill,73,5,5
blackbogs-sharp,skill,83,4,4
blackbogs-sharp,skill,92,4,4
stormspike,dmg-ltng,,1,120
stormspike,light-thorns,,20,20
stormspike,gethit-skill,38,25,3
stormspike,dmg%,,150,150
stormspike,res-ltng/lvl,8,0,0
the-impaler,ignore-ac,,1,1
the-impaler,att,,150,150
the-impaler,swing2,,20,20
the-impaler,openwounds,,40,40
the-impaler,noheal,,1,1
the-impaler,dmg%,,140,170
the-impaler,skill,19,5,5
the-impaler,skill,14,3,3
kelpie-snare,slow,,75,75
kelpie-snare,res-fire,,50,50
kelpie-snare,hp/lvl,10,0,0
kelpie-snare,dmg-norm,,30,50
kelpie-snare,str,,10,10
kelpie-snare,dmg%,,140,180
soulfeast-tine,ease,,-20,-20
soulfeast-tine,lifesteal,,7,7
soulfeast-tine,manasteal,,7,7
soulfeast-tine,stamdrain,,20,20
soulfeast-tine,dmg%,,150,190
soulfeast-tine,att,,150,250
soulfeast-tine,dur,,15,15
hone-sundan,sock,3,0,0
hone-sundan,dmg-norm,,20,40
hone-sundan,crush,,45,45
hone-sundan,rep-dur,10,0,0
hone-sundan,dmg%,,160,200
spire-of-honor,att%,,25,25
spire-of-honor,light,,3,3
spire-of-honor,regen,,20,20
spire-of-honor,balance2,,20,20
spire-of-honor,dmg-norm,,20,40
spire-of-honor,dmg-dem/lvl,12,0,0
spire-of-honor,dmg%,,150,200
spire-of-honor,skilltab,9,3,3
spire-of-honor,ac%,,25,25
the-meat-scraper,dmg%,,150,200
the-meat-scraper,swing2,,30,30
the-meat-scraper,lifesteal,,10,10
the-meat-scraper,openwounds,,50,50
the-meat-scraper,mag%,,25,25
the-meat-scraper,skilltab,13,3,3
blackleach-blade,ease,,-25,-25
blackleach-blade,hit-skill,72,5,5
blackleach-blade,light,,-2,-2
blackleach-blade,lifesteal,,8,8
blackleach-blade,dmg/lvl,10,0,0
blackleach-blade,dmg%,,100,140
athenas-wrath,dru,,1,3
athenas-wrath,dex,,15,15
athenas-wrath,swing2,,30,30
athenas-wrath,hp/lvl,8,0,0
athenas-wrath,dmg/lvl,8,0,0
athenas-wrath,dmg%,,150,180
pierre-tombale-couant,deadly,,55,55
pierre-tombale-couant,bar,,3,3
pierre-tombale-couant,balance2,,30,30
pierre-tombale-couant,manasteal,,6,6
pierre-tombale-couant,dmg-norm,,12,20
pierre-tombale-couant,dmg%,,160,220
pierre-tombale-couant,att,,100,200
husoldal-evo,regen,,20,20
husoldal-evo,att,,200,250
husoldal-evo,noheal,,1,1
husoldal-evo,dmg-norm,,20,32
husoldal-evo,dmg%,,160,200
husoldal-evo,swing2,,20,20
grims-burning-dead,dmg-fire,,131,232
grims-burning-dead,res-fire,,45,45
grims-burning-dead,dmg%,,140,180
grims-burning-dead,thorns,,8,8
grims-burning-dead,ease,,-50,-50
grims-burning-dead,nec,,3,3
grims-burning-dead,reduce-ac,,50,50
grims-burning-dead,ac%,,20,20
grims-burning-dead,att,,200,250
razorswitch,cast3,,30,30
razorswitch,thorns,,15,15
razorswitch,mana,,175,175
razorswitch,hp,,80,80
razorswitch,red-mag,,15,15
razorswitch,res-all,,50,50
razorswitch,allskills,,1,1
ribcracker,dmg-norm,,30,65
ribcracker,dmg%,,200,300
ribcracker,crush,,50,50
ribcracker,dex,,15,15
ribcracker,ac,,100,100
ribcracker,ac%,,100,100
ribcracker,balance2,,50,50
ribcracker,swing2,,50,50
ribcracker,dur,,100,100
chromatic-ire,sor,,3,3
chromatic-ire,res-all,,20,40
chromatic-ire,cast1,,20,20
chromatic-ire,light-thorns,,20,20
chromatic-ire,hp%,,20,25
chromatic-ire,skill,61,1,1
chromatic-ire,skill,63,1,1
chromatic-ire,skill,65,1,1
warpspear,sor,,3,3
warpspear,ignore-ac,,1,1
warpspear,skill,54,3,3
warpspear,skill,43,3,3
warpspear,skill,58,3,3
warpspear,ac-miss,,250,250
warpspear,*hit-skill,54,50,1
warpspear,*gethit-skill,54,25,1
skullcollector,mana%,,20,20
skullcollector,mana-kill,,20,20
skullcollector,allskills,,2,2
skullcollector,mag%/lvl,8,0,0
skystrike,dmg-ltng,,1,250
skystrike,att,,100,100
skystrike,enr,,10,10
skystrike,swing3,,30,30
skystrike,dmg%,,150,200
skystrike,hit-skill,56,2,6
skystrike,ama,,1,1
riphook,openwounds,,30,30
riphook,dmg%,,180,220
riphook,slow,,30,30
riphook,mana,,35,35
riphook,swing2,,30,30
riphook,lifesteal,,7,10
kuko-shakaku,skill,27,3,3
kuko-shakaku,explosivearrow,,7,7
kuko-shakaku,dmg%,,150,180
kuko-shakaku,pierce,,50,50
kuko-shakaku,dmg-fire,,40,180
kuko-shakaku,skilltab,0,3,3
endlesshail,res-cold,,35,35
endlesshail,mana,,40,40
endlesshail,ac-miss,,50,50
endlesshail,skill,26,3,5
endlesshail,dmg%,,180,220
endlesshail,dmg-cold,75,15,30
whichwild-string,hit-skill,66,2,5
whichwild-string,res-all,,40,40
whichwild-string,deadly/lvl,8,0,0
whichwild-string,dmg%,,150,170
whichwild-string,magicarrow,,20,20
whichwild-string,sock,2,0,0
cliffkiller,ama,,2,2
cliffkiller,dmg%,,190,230
cliffkiller,ac-miss,,80,80
cliffkiller,knock,,1,1
cliffkiller,hp,,50,50
cliffkiller,dmg-min,,5,10
cliffkiller,dmg-max,,20,30
magewrath,manasteal,,15,15
magewrath,red-mag,,9,13
magewrath,skill,22,3,3
magewrath,att,,200,250
magewrath,dex,,10,10
magewrath,stupidity,,1,1
magewrath,dmg-norm,,25,50
magewrath,dmg%,,120,150
magewrath,ama,,1,1
godstrike-arch,dmg%,,200,250
godstrike-arch,att%,,100,150
godstrike-arch,dmg-undead,,100,200
godstrike-arch,dmg-demon,,100,200
godstrike-arch,hit-skill,121,5,7
godstrike-arch,swing2,,50,50
godstrike-arch,regen,,12,12
langer-briser,knock,,1,1
langer-briser,dmg%,,170,200
langer-briser,mag%,,30,60
langer-briser,hp,,30,30
langer-briser,dmg-max,,10,30
langer-briser,openwounds,,33,33
langer-briser,dmg-ltng,,1,212
pus-spiter,dmg-pois,200,192,192
pus-spiter,hit-skill,91,4,1
pus-spiter,nec,,2,2
pus-spiter,ease,,-60,-60
pus-spiter,gethit-skill,92,9,6
pus-spiter,swing2,,10,10
pus-spiter,dmg%,,150,220
pus-spiter,att/lvl,10,0,0
buriza-do-kyanon,pierce,,100,100
buriza-do-kyanon,dex,,35,35
buriza-do-kyanon,ac,,75,150
buriza-do-kyanon,dmg/lvl,20,0,0
buriza-do-kyanon,swing2,,80,80
buriza-do-kyanon,dmg%,,150,200
buriza-do-kyanon,freeze,,3,3
buriza-do-kyanon,dmg-cold,200,32,196
demon-machine,ac,,321,321
demon-machine,mana,,36,36
demon-machine,pierce,,66,66
demon-machine,explosivearrow,,6,6
demon-machine,dmg-max,,66,66
demon-machine,dmg%,,123,123
demon-machine,att,,632,632
peasent-crown,enr,,20,20
peasent-crown,vit,,20,20
peasent-crown,allskills,,1,1
peasent-crown,move2,,15,15
peasent-crown,regen,,6,12
peasent-crown,ac%,,100,100
rockstopper,res-ltng,,20,40
rockstopper,red-dmg%,,10,10
rockstopper,balance2,,30,30
rockstopper,ac%,,160,220
rockstopper,res-fire,,20,50
rockstopper,res-cold,,20,40
rockstopper,vit,,15,15
stealskull,manasteal,,5,5
stealskull,lifesteal,,5,5
stealskull,balance2,,10,10
stealskull,swing2,,10,10
stealskull,ac%,,200,240
stealskull,mag%,,30,50
darksight-helm,light,,-4,-4
darksight-helm,ac/lvl,16,0,0
darksight-helm,nofreeze,,1,1
darksight-helm,manasteal,,5,5
darksight-helm,gethit-skill,71,6,3
darksight-helm,charged,264,30,5
darksight-helm,res-fire,,20,40
valkiry-wing,ac%,,150,200
valkiry-wing,move2,,20,20
valkiry-wing,balance2,,20,20
valkiry-wing,ama,,1,2
valkiry-wing,mana-kill,,2,4
crown-of-thieves,dex,,25,25
crown-of-thieves,lifesteal,,9,12
crown-of-thieves,hp,,50,50
crown-of-thieves,mana,,35,35
crown-of-thieves,res-fire,,33,33
crown-of-thieves,ac%,,160,200
crown-of-thieves,gold%,,80,100
blackhorns-face,light-thorns,,25,25
blackhorns-face,slow,,20,20
blackhorns-face,noheal,,1,1
blackhorns-face,abs-ltng,,20,20
blackhorns-face,res-ltng,,15,15
blackhorns-face,ac%,,180,220
vampiregaze,manasteal,,6,8
vampiregaze,lifesteal,,6,8
vampiregaze,stamdrain,,15,15
vampiregaze,red-dmg%,,15,20
vampiregaze,red-mag,,10,15
vampiregaze,ac%,,100,100
vampiregaze,dmg-cold,100,6,22
the-spirit-shroud,nofreeze,,1,1
the-spirit-shroud,allskills,,1,1
the-spirit-shroud,red-mag,,7,11
the-spirit-shroud,regen,,10,10
the-spirit-shroud,ac%,,150,150
skin-of-the-vipermagi,ac%,,120,120
skin-of-the-vipermagi,res-all,,20,35
skin-of-the-vipermagi,cast3,,30,30
skin-of-the-vipermagi,red-mag,,9,13
skin-of-the-vipermagi,allskills,,1,1
skin-of-the-flayerd-one,rep-dur,10,0,0
skin-of-the-flayerd-one,regen,,15,25
skin-of-the-flayerd-one,dur,,30,30
skin-of-the-flayerd-one,lifesteal,,5,7
skin-of-the-flayerd-one,ac%,,150,190
skin-of-the-flayerd-one,thorns,,15,15
ironpelt,dur,,125,125
ironpelt,hp,,25,25
ironpelt,red-mag,,10,16
ironpelt,red-dmg,,15,20
ironpelt,ac/lvl,24,0,0
ironpelt,ac%,,50,100
spiritforge,light,,4,4
spiritforge,hp/lvl,10,0,0
spiritforge,dmg-fire,,20,65
spiritforge,res-fire,,5,5
spiritforge,ac%,,120,160
spiritforge,str,,15,15
spiritforge,sock,2,0,0
crow-caw,openwounds,,35,35
crow-caw,ac%,,150,180
crow-caw,dex,,15,15
crow-caw,balance2,,15,15
crow-caw,swing2,,15,15
crow-caw,*charged,221,3,5
shaftstop,ac-miss,,250,250
shaftstop,red-dmg%,,30,30
shaftstop,hp,,60,60
shaftstop,ac%,,180,220
duriels-shell,str,,15,15
duriels-shell,ac/lvl,10,0,0
duriels-shell,hp/lvl,8,0,0
duriels-shell,ac%,,160,200
duriels-shell,res-fire,,20,20
duriels-shell,res-ltng,,20,20
duriels-shell,res-pois,,20,20
duriels-shell,res-cold,,50,50
duriels-shell,nofreeze,,1,1
duriels-shell,dur,,100,100
skullders-ire,allskills,,1,1
skullders-ire,mag%/lvl,10,0,0
skullders-ire,ac%,,160,200
skullders-ire,dur,,60,60
skullders-ire,red-mag,,10,10
skullders-ire,rep-dur,20,0,0
skullders-ire,*vit,,-10,-10
skullders-ire,*enr,,-10,-10
guardian-angel,light,,4,4
guardian-angel,pal,,1,1
guardian-angel,ac%,,180,200
guardian-angel,block2,,30,30
guardian-angel,res-all-max,,15,15
guardian-angel,att-dem/lvl,5,0,0
guardian-angel,block,,20,20
toothrow,thorns,,20,40
toothrow,ac,,40,60
toothrow,str,,10,10
toothrow,openwounds,,40,40
toothrow,res-fire,,15,15
toothrow,ac%,,160,220
toothrow,dur,,15,15
atmas-wail,dex,,15,15
atmas-wail,regen,,10,10
atmas-wail,mana%,,15,15
atmas-wail,balance2,,30,30
atmas-wail,ac/lvl,16,0,0
atmas-wail,dur,,50,50
atmas-wail,ac%,,120,160
atmas-wail,mag%,,20,20
black-hades,light,,-2,-2
black-hades,att-demon,,200,250
black-hades,half-freeze,,1,1
black-hades,sock,3,0,0
black-hades,ac%,,140,200
black-hades,dmg-demon,,30,60
corpsemourn,str,,8,8
corpsemourn,vit,,10,10
corpsemourn,res-cold,,35,35
corpsemourn,gethit-skill,76,6,2
corpsemourn,ac%,,150,180
corpsemourn,dmg-fire,,12,36
corpsemourn,charged,74,40,5
que-hegans-wisdon,cast2,,20,20
que-hegans-wisdon,mana-kill,,3,3
que-hegans-wisdon,red-mag,,6,10
que-hegans-wisdon,enr,,15,15
que-hegans-wisdon,balance2,,20,20
que-hegans-wisdon,ac%,,140,160
que-hegans-wisdon,allskills,,1,1
visceratuant,sor,,1,1
visceratuant,block2,,30,30
visceratuant,block,,30,30
visceratuant,ac%,,100,150
visceratuant,light-thorns,,10,10
mosers-blessed-circle,res-all,,25,25
mosers-blessed-circle,block,,25,25
mosers-blessed-circle,sock,2,0,0
mosers-blessed-circle,ac%,,180,220
mosers-blessed-circle,block2,,30,30
stormchaser,dmg-ltng,,1,60
stormchaser,block,,20,20
stormchaser,half-freeze,,1,1
stormchaser,res-ltng,,50,50
stormchaser,att,,150,150
stormchaser,ac%,,160,220
stormchaser,block2,,10,10
stormchaser,gethit-skill,59,4,6
stormchaser,gethit-skill,245,4,5
tiamats-rebuke,dmg-cold,150,27,53
tiamats-rebuke,dmg-fire,,35,95
tiamats-rebuke,dmg-ltng,,1,120
tiamats-rebuke,res-all,,25,35
tiamats-rebuke,ac%,,140,200
tiamats-rebuke,gethit-skill,44,5,9
tiamats-rebuke,gethit-skill,48,5,7
tiamats-rebuke,gethit-skill,62,3,6
tiamats-rebuke,dur,,40,40
kerkes-sanctuary,red-dmg,,11,16
kerkes-sanctuary,red-mag,,14,18
kerkes-sanctuary,regen,,15,15
kerkes-sanctuary,ac%,,180,240
kerkes-sanctuary,dur,,100,100
kerkes-sanctuary,block,,30,30
kerkes-sanctuary,res-all,,20,30
radimants-sphere,dmg-pois,100,204,204
radimants-sphere,gethit-skill,92,5,5
radimants-sphere,res-pois,,75,75
radimants-sphere,ac%,,160,200
radimants-sphere,block,,20,20
radimants-sphere,block2,,20,20
radimants-sphere,charged,83,40,6
radimants-sphere,dur,,20,20
lidless-wall,light,,1,1
lidless-wall,allskills,,1,1
lidless-wall,cast2,,20,20
lidless-wall,mana-kill,,3,5
lidless-wall,ac%,,80,130
lidless-wall,enr,,10,10
lidless-wall,mana%,,10,10
lance-guard,hp,,50,50
lance-guard,balance2,,30,30
lance-guard,dmg-to-mana,,15,15
lance-guard,thorns,,47,47
lance-guard,ac%,,70,120
lance-guard,deadly,,20,20
venom-grip,res-pois,,30,30
venom-grip,res-pois-max,,5,5
venom-grip,dmg-pois,100,153,153
venom-grip,crush,,5,5
venom-grip,lifesteal,,5,5
venom-grip,ac,,15,25
venom-grip,ac%,,130,160
gravepalm,enr,,10,10
gravepalm,str,,10,10
gravepalm,dmg-undead,,100,200
gravepalm,att-undead,,100,200
gravepalm,ac%,,140,180
ghoulhide,att-und/lvl,16,0,0
ghoulhide,dmg-und/lvl,16,0,0
ghoulhide,manasteal,,4,5
ghoulhide,hp,,20,20
ghoulhide,ac%,,150,190
lavagout,res-fire,,24,24
lavagout,half-freeze,,1,1
lavagout,hit-skill,52,2,10
lavagout,swing2,,20,20
lavagout,ac%,,150,200
lavagout,dmg-fire,,13,46
lavagout,dur,,20,20
hellmouth,dmg-fire,,15,72
hellmouth,abs-fire,,15,15
hellmouth,ac%,,150,200
hellmouth,dur,,15,15
hellmouth,hit-skill,56,2,4
hellmouth,hit-skill,225,4,12
infernostride,dmg-fire,,12,33
infernostride,move2,,20,20
infernostride,res-fire-max,,10,10
infernostride,res-fire,,30,30
infernostride,light,,2,2
infernostride,ac%,,120,150
infernostride,gold%,,40,70
infernostride,ac,,15,15
infernostride,gethit-skill,46,5,8
waterwalk,ac-miss,,100,100
waterwalk,move2,,20,20
waterwalk,dex,,15,15
waterwalk,ac%,,180,210
waterwalk,hp,,45,65
waterwalk,stam,,40,40
waterwalk,res-fire-max,,5,5
waterwalk,regen-stam,,50,50
silkweave,ac%,,150,190
silkweave,mana-kill,,5,5
silkweave,ac-miss,,200,200
silkweave,mana%,,10,10
silkweave,move2,,30,30
wartraveler,vit,,10,10
wartraveler,str,,10,10
wartraveler,mag%,,30,50
wartraveler,dur,,30,30
wartraveler,move2,,25,25
wartraveler,ac%,,150,190
wartraveler,dmg-norm,,15,25
wartraveler,thorns,,5,10
wartraveler,stamdrain,,40,40
gorerider,ease,,-25,-25
gorerider,deadly,,15,15
gorerider,move2,,30,30
gorerider,crush,,15,15
gorerider,openwounds,,10,10
gorerider,ac%,,160,200
gorerider,dur,,10,10
gorerider,stam,,20,20
string-of-ears,red-mag,,10,15
string-of-ears,red-dmg%,,10,15
string-of-ears,lifesteal,,6,8
string-of-ears,ac%,,150,180
string-of-ears,ac,,15,15
string-of-ears,dur,,10,10
razortail,thorns/lvl,8,0,0
razortail,dex,,15,15
razortail,pierce,,33,33
razortail,ac,,15,15
razortail,ac%,,120,150
razortail,dmg-max,,10,10
gloomstrap,light,,-3,-3
gloomstrap,mana%,,15,15
gloomstrap,manasteal,,5,5
gloomstrap,ac%,,120,150
gloomstrap,vit,,15,15
gloomstrap,regen-mana,,15,15
snowclash,gethit-skill,59,5,0
snowclash,abs-cold,,15,15
snowclash,res-cold-max,,15,15
snowclash,dmg-cold,75,13,21
snowclash,ac%,,130,170
snowclash,skill,59,2,2
snowclash,skill,55,3,3
snowclash,skill,60,2,2
thudergods-vigor,gethit-skill,121,5,7
thudergods-vigor,dmg-ltng,,1,50
thudergods-vigor,res-ltng-max,,10,10
thudergods-vigor,abs-ltng,,20,20
thudergods-vigor,ac%,,160,200
thudergods-vigor,vit,,20,20
thudergods-vigor,str,,20,20
thudergods-vigor,skill,34,3,3
thudergods-vigor,skill,35,3,3
harlequin-crest,allskills,,2,2
harlequin-crest,hp/lvl,12,0,0
harlequin-crest,mana/lvl,12,0,0
harlequin-crest,mag%,,50,50
harlequin-crest,red-dmg%,,10,10
harlequin-crest,str,,2,2
harlequin-crest,dex,,2,2
harlequin-crest,vit,,2,2
harlequin-crest,enr,,2,2
veil-of-steel,res-all,,50,50
veil-of-steel,ac%,,60,60
veil-of-steel,str,,15,15
veil-of-steel,vit,,15,15
veil-of-steel,light,,-4,-4
veil-of-steel,dur,,20,20
veil-of-steel,ac,,140,140
veil-of-steel,*mana,,-30,-30
the-gladiators-bane,ac%,,150,200
the-gladiators-bane,red-mag,,15,20
the-gladiators-bane,red-dmg,,15,20
the-gladiators-bane,thorns,,20,20
the-gladiators-bane,res-pois-len,,50,50
the-gladiators-bane,dur,,103,103
the-gladiators-bane,balance2,,30,30
the-gladiators-bane,ac,,50,50
the-gladiators-bane,nofreeze,,1,1
arkaines-valor,ac%,,150,180
arkaines-valor,balance2,,30,30
arkaines-valor,allskills,,1,2
arkaines-valor,red-dmg,,10,15
arkaines-valor,vit/lvl,4,0,0
blackoak-shield,dex/lvl,4,0,0
blackoak-shield,ac%,,160,200
blackoak-shield,abs-cold/lvl,5,0,0
blackoak-shield,gethit-skill,72,4,5
blackoak-shield,dur,,45,45
blackoak-shield,hp/lvl,10,0,0
blackoak-shield,block2,,50,50
blackoak-shield,half-freeze,,1,1
stormshield,ac/lvl,30,0,0
stormshield,red-dmg%,,35,35
stormshield,str,,30,30
stormshield,indestruct,,1,1
stormshield,block2,,35,35
stormshield,res-ltng,,25,25
stormshield,block,,25,25
stormshield,res-cold,,60,60
stormshield,light-thorns,,10,10
hellslayer,str/lvl,4,0,0
hellslayer,vit/lvl,4,0,0
hellslayer,dmg%/lvl,24,0,0
hellslayer,dmg-fire,,150,250
hellslayer,hp,,25,25
hellslayer,dmg%,,100,100
hellslayer,att-skill,47,10,0
hellslayer,*mana,,-25,-25
messerschmidts-reaver,dmg%/lvl,20,0,0
messerschmidts-reaver,dmg%,,200,200
messerschmidts-reaver,str,,15,15
messerschmidts-reaver,dex,,15,15
messerschmidts-reaver,vit,,15,15
messerschmidts-reaver,enr,,15,15
messerschmidts-reaver,dmg-fire,,20,240
messerschmidts-reaver,dur,,25,25
messerschmidts-reaver,att%,,100,100
baranars-star,att%,,200,200
baranars-star,dmg%,,200,200
baranars-star,dex,,15,15
baranars-star,str,,15,15
baranars-star,swing2,,50,50
baranars-star,dur,,100,100
baranars-star,dmg-ltng,,1,200
baranars-star,dmg-fire,,1,200
baranars-star,dmg-cold,,1,200
schaefers-hammer,hit-skill,42,20,10
schaefers-hammer,hp,,50,50
schaefers-hammer,att/lvl,16,0,0
schaefers-hammer,res-ltng,,75,75
schaefers-hammer,swing2,,20,20
schaefers-hammer,dmg/lvl,16,0,0
schaefers-hammer,indestruct,,1,1
schaefers-hammer,dmg%,,100,130
schaefers-hammer,light,,1,1
schaefers-hammer,dmg-ltng,,50,200
the-cranium-basher,swing2,,20,20
the-cranium-basher,indestruct,,1,1
the-cranium-basher,str,,25,25
the-cranium-basher,res-all,,25,25
the-cranium-basher,crush,,75,75
the-cranium-basher,dmg-norm,,20,20
the-cranium-basher,dmg%,,200,240
the-cranium-basher,hit-skill,66,4,1
the-cranium-basher,*mana,,-30,-30
lightsabre,light,,7,7
lightsabre,att-skill,53,5,0
lightsabre,ignore-ac,1,1,1
lightsabre,abs-ltng%,,25,25
lightsabre,swing2,,20,20
lightsabre,dmg-mag,,60,120
lightsabre,dmg-ltng,,1,200
lightsabre,manasteal,,5,7
lightsabre,dmg%,,150,200
lightsabre,dmg-norm,,10,30
doombringer,hp%,,20,20
doombringer,dmg%,,180,250
doombringer,att%,,40,40
doombringer,indestruct,,1,1
doombringer,dmg-norm,,30,100
doombringer,hit-skill,72,8,3
doombringer,lifesteal,,5,7
the-grandfather,str,,20,20
the-grandfather,dex,,20,20
the-grandfather,vit,,20,20
the-grandfather,enr,,20,20
the-grandfather,att%,,50,50
the-grandfather,hp,,80,80
the-grandfather,dmg/lvl,20,0,0
the-grandfather,indestruct,,1,1
the-grandfather,dmg%,,150,250
wizardspike,mana/lvl,16,0,0
wizardspike,regen-mana,,15,15
wizardspike,mana%,,15,15
wizardspike,res-all,,75,75
wizardspike,indestruct,,1,1
wizardspike,cast3,,50,50
constricting-ring,res-all,,100,100
constricting-ring,regen,,-30,-30
constricting-ring,mag%,,100,100
constricting-ring,res-all-max,,15,15
stormspire,res-ltng,,50,50
stormspire,gethit-skill,53,5,5
stormspire,dmg%,,150,250
stormspire,str,,10,10
stormspire,gethit-skill,38,2,0
stormspire,swing2,,30,30
stormspire,indestruct,,1,1
stormspire,dmg-ltng,,1,237
stormspire,light-thorns,,27,27
stormspire,*enr,,-10,-10
eaglehorn,ignore-ac,,1,1
eaglehorn,att/lvl,12,0,0
eaglehorn,dmg%/lvl,16,0,0
eaglehorn,dmg%,,200,200
eaglehorn,ama,,1,1
eaglehorn,dex,,25,25
windforce,dex,,5,5
windforce,dmg/lvl,25,0,0
windforce,regen-stam,,30,30
windforce,manasteal,,6,8
windforce,knock,,1,1
windforce,dmg%,,250,250
windforce,swing2,,20,20
windforce,str,,10,10
bul-kathos-wedding-band,hp/lvl,4,0,0
bul-kathos-wedding-band,allskills,,1,1
bul-kathos-wedding-band,lifesteal,,3,5
bul-kathos-wedding-band,stam,,50,50
the-cats-eye,move2,,30,30
the-cats-eye,swing2,,20,20
the-cats-eye,ac,,100,100
the-cats-eye,ac-miss,,100,100
the-cats-eye,dex,,25,25
the-rising-sun,abs-fire/lvl,6,0,0
the-rising-sun,light,,4,4
the-rising-sun,gethit-skill,56,2,0
the-rising-sun,dmg-fire,,24,48
the-rising-sun,fireskill,,2,2
the-rising-sun,regen,,10,10
crescent-moon,manasteal,,11,15
crescent-moon,red-mag,,10,10
crescent-moon,dmg-to-mana,,10,10
crescent-moon,light,,-2,-2
crescent-moon,mana,,45,45
crescent-moon,lifesteal,,3,6
maras-kaleidoscope,allskills,,2,2
maras-kaleidoscope,res-all,,20,30
maras-kaleidoscope,str,,5,5
maras-kaleidoscope,dex,,5,5
maras-kaleidoscope,vit,,5,5
maras-kaleidoscope,enr,,5,5
atmas-scarab,dmg-pois,100,102,102
atmas-scarab,res-pois,,75,75
atmas-scarab,light,,3,3
atmas-scarab,thorns,,5,5
atmas-scarab,hit-skill,66,5,2
atmas-scarab,att%,,20,20
dwarf-star,gold%,,100,100
dwarf-star,stam,,40,40
dwarf-star,regen-stam,,15,15
dwarf-star,hp,,40,40
dwarf-star,red-mag,,12,15
dwarf-star,abs-fire%,,15,15
raven-frost,nofreeze,,1,1
raven-frost,dmg-cold,100,15,45
raven-frost,abs-cold%,,20,20
raven-frost,mana,,40,40
raven-frost,dex,,15,20
raven-frost,att,,150,250
highlords-wrath,res-ltng,,35,35
highlords-wrath,dmg-ltng,,1,30
highlords-wrath,swing2,,20,20
highlords-wrath,allskills,,1,1
highlords-wrath,deadly/lvl,3,0,0
highlords-wrath,light-thorns,,15,15
saracens-chance,res-all,,15,25
saracens-chance,gethit-skill,76,10,2
saracens-chance,str,,12,12
saracens-chance,dex,,12,12
saracens-chance,enr,,12,12
saracens-chance,vit,,12,12
arreats-face,bar,,2,2
arreats-face,skilltab,12,2,2
arreats-face,ac%,,150,200
arreats-face,balance2,,30,30
arreats-face,att%,,20,20
arreats-face,str,,20,20
arreats-face,dex,,20,20
arreats-face,lifesteal,,3,6
arreats-face,res-all,,30,30
homunculus,nec,,2,2
homunculus,skilltab,6,2,2
homunculus,ac%,,150,200
homunculus,block2,,30,30
homunculus,block,,40,40
homunculus,enr,,20,20
homunculus,regen-mana,,33,33
homunculus,mana-kill,,5,5
homunculus,res-all,,40,40
titans-revenge,ama,,2,2
titans-revenge,skilltab,2,2,2
titans-revenge,dmg%,,150,200
titans-revenge,move2,,30,30
titans-revenge,rep-quant,30,0,0
titans-revenge,str,,20,20
titans-revenge,dex,,20,20
titans-revenge,lifesteal,,5,9
titans-revenge,dmg-norm,,25,50
titans-revenge,stack,,60,60
lycanders-aim,ama,,2,2
lycanders-aim,skilltab,0,2,2
lycanders-aim,dmg%,,150,200
lycanders-aim,swing2,,20,20
lycanders-aim,ac%,,20,20
lycanders-aim,dex,,20,20
lycanders-aim,enr,,20,20
lycanders-aim,manasteal,,5,8
lycanders-aim,dmg-norm,,25,50
lycanders-flank,ama,,2,2
lycanders-flank,skilltab,2,2,2
lycanders-flank,dmg%,,150,200
lycanders-flank,swing2,,30,30
lycanders-flank,ac%,,20,20
lycanders-flank,str,,20,20
lycanders-flank,vit,,20,20
lycanders-flank,lifesteal,,5,9
lycanders-flank,dmg-norm,,25,50
the-oculus,sor,,3,3
the-oculus,gethit-skill,54,25,1
the-oculus,res-all,,20,20
the-oculus,cast2,,30,30
the-oculus,ac%,,20,20
the-oculus,vit,,20,20
the-oculus,enr,,20,20
the-oculus,mana-kill,,5,5
the-oculus,mag%,,50,50
herald-of-zakarum,pal,,2,2
herald-of-zakarum,skilltab,9,2,2
herald-of-zakarum,ac%,,150,200
herald-of-zakarum,block2,,30,30
herald-of-zakarum,block,,30,30
herald-of-zakarum,str,,20,20
herald-of-zakarum,vit,,20,20
herald-of-zakarum,att%,,20,20
herald-of-zakarum,res-all,,50,50
cutthroat1,ass,,2,2
cutthroat1,skilltab,20,1,1
cutthroat1,dmg%,,150,200
cutthroat1,balance2,,30,30
cutthroat1,att%,,20,20
cutthroat1,str,,20,20
cutthroat1,dex,,20,20
cutthroat1,lifesteal,,5,9
cutthroat1,dmg-norm,,25,50
jalals-mane,dru,,2,2
jalals-mane,skilltab,16,2,2
jalals-mane,ac%,,150,200
jalals-mane,balance2,,30,30
jalals-mane,att%,,20,20
jalals-mane,str,,20,20
jalals-mane,enr,,20,20
jalals-mane,mana-kill,,5,5
jalals-mane,res-all,,30,30
the-scalper,rep-quant,30,0,0
the-scalper,dmg%,,150,200
the-scalper,att%,,25,25
the-scalper,swing2,,20,20
the-scalper,openwounds,,33,33
the-scalper,lifesteal,,4,6
the-scalper,mana-kill,,4,4
bloodmoon,dmg%,,210,260
bloodmoon,lifesteal,,10,15
bloodmoon,charged,BloodGolem,9,15
bloodmoon,heal-kill,,7,13
bloodmoon,openwounds,,50,50
djinnslayer,dmg%,,190,240
djinnslayer,dmg-fire,,250,500
djinnslayer,dmg-demon,,100,150
djinnslayer,att-demon,,200,300
djinnslayer,abs-ltng,,3,7
djinnslayer,manasteal,,3,6
djinnslayer,sock,,1,2
deathbit,deadly,,40,40
deathbit,dmg%,,130,180
deathbit,att,,200,450
deathbit,lifesteal,,7,9
deathbit,manasteal,,4,6
deathbit,rep-quant,25,0,0
warshrike,dmg%,,200,250
warshrike,pierce,,50,50
warshrike,swing2,,30,30
warshrike,deadly,,50,50
warshrike,rep-quant,30,0,0
warshrike,hit-skill,Nova,25,9
gutsiphon,dmg%,,160,220
gutsiphon,pierce,,33,33
gutsiphon,lifesteal,,12,18
gutsiphon,slow,,25,25
gutsiphon,openwounds,,33,33
razoredge,dmg%,,175,225
razoredge,swing2,,40,40
razoredge,reduce-ac,,33,33
razoredge,deadly,,50,50
razoredge,openwounds,,50,50
demonlimb,dmg%,,180,230
demonlimb,dmg-fire,,222,333
demonlimb,lifesteal,,7,13
demonlimb,charged,Enchant,20,23
demonlimb,rep-dur,5,0,0
demonlimb,dmg-demon,,123,123
demonlimb,res-fire,,15,20
steelshade,ac%,,100,130
steelshade,abs-fire,,5,11
steelshade,manasteal,,4,8
steelshade,regen,,10,18
tomb-reaver,swing2,,60,60
tomb-reaver,light,,4,4
tomb-reaver,dmg%,,200,280
tomb-reaver,dmg-undead,,150,230
tomb-reaver,mag%,,50,80
tomb-reaver,res-all,,30,50
tomb-reaver,att-undead,,250,350
tomb-reaver,reanimate,1,10,10
tomb-reaver,heal-kill,,10,14
tomb-reaver,sock,,1,3
deathss-web,allskills,,2,2
deathss-web,pierce-pois,,40,50
deathss-web,heal-kill,,7,12
deathss-web,mana-kill,,7,12
deathss-web,skilltab,7,1,2
natures-peace,noheal,,1,1
natures-peace,rip,,1,1
natures-peace,red-dmg,,7,11
natures-peace,res-pois,,20,30
natures-peace,charged,Oak Sage,27,5
azurewrath,dmg-mag,,250,500
azurewrath,dmg%,,230,270
azurewrath,aura,Sanctuary,10,13
azurewrath,dmg-cold,250,250,500
azurewrath,swing2,,30,30
azurewrath,all-stats,,5,10
azurewrath,light,,3,3
azurewrath,allskills,,1,1
seraphs-hymn,allskills,,2,2
seraphs-hymn,skilltab,11,1,2
seraphs-hymn,dmg-demon,,25,50
seraphs-hymn,dmg-undead,,25,50
seraphs-hymn,att-demon,,150,250
seraphs-hymn,att-undead,,150,250
seraphs-hymn,light,,2,2
fleshripper,dmg%,,200,300
fleshripper,reduce-ac,,50,50
fleshripper,noheal,,1,1
fleshripper,crush,,25,25
fleshripper,openwounds,,50,50
fleshripper,deadly,,33,33
fleshripper,slow,,20,20
horizons-tornado,dmg%,,230,280
horizons-tornado,swing2,,50,50
horizons-tornado,slow,,20,20
horizons-tornado,hit-skill,Tornado,20,15
horizons-tornado,ease,,-20,-20
stone-crusher,dmg%,,280,320
stone-crusher,str,,20,30
stone-crusher,crush,,40,40
stone-crusher,reduce-ac,,25,25
stone-crusher,dmg-ac,,-100,-100
stone-crusher,dmg,,10,30
jadetalon,dmg%,,190,240
jadetalon,manasteal,,10,15
jadetalon,res-all,,40,50
jadetalon,balance2,,30,30
jadetalon,skilltab,19,1,2
jadetalon,skilltab,20,1,2
shadowdancer,ac%,,70,100
shadowdancer,move2,,30,30
shadowdancer,balance2,,30,30
shadowdancer,dex,,15,25
shadowdancer,skilltab,19,1,2
shadowdancer,ease,,-20,-20
cerebus,ac%,,130,140
cerebus,skilltab,16,2,4
cerebus,lifesteal,,7,10
cerebus,att%,,60,120
cerebus,openwounds,,33,33
cerebus,skill,feral rage,1,2
tyraels-might,ease,,-100,-100
tyraels-might,indestruct,,1,1
tyraels-might,ac%,,120,150
tyraels-might,rip,,1,1
tyraels-might,dmg-demon,,50,100
tyraels-might,nofreeze,,1,1
tyraels-might,move2,,20,20
tyraels-might,res-all,,20,30
tyraels-might,str,,20,30
souldrain,ac%,,90,120
souldrain,manasteal,,4,7
souldrain,lifesteal,,4,7
souldrain,hit-skill,Weaken,8,3
souldrain,dmg-ac,,-50,-50
runemaster,dmg%,,220,270
runemaster,sock,,3,5
runemaster,res-cold-max,,5,5
runemaster,nofreeze,,1,1
deathcleaver,dmg%,,230,280
deathcleaver,deadly,,66,66
deathcleaver,reduce-ac,,33,33
deathcleaver,swing2,,40,40
deathcleaver,heal-kill,,6,9
executioners-justice,dmg%,,240,290
executioners-justice,crush,,25,25
executioners-justice,reduce-ac,,33,33
executioners-justice,kill-skill,Decrepify,50,6
executioners-justice,swing2,,30,30
stoneraven,dmg%,,230,280
stoneraven,dmg-mag,,101,187
stoneraven,res-all,,30,50
stoneraven,ac,,400,600
stoneraven,skilltab,2,1,3
leviathan,ac%,,170,200
leviathan,ac,,100,150
leviathan,red-dmg%,,15,25
leviathan,str,,40,50
leviathan,indestruct,,1,1
wisp,abs-ltng%,,10,20
wisp,hit-skill,Lightning,10,16
wisp,mag%,,10,20
wisp,charged,Oak Sage,15,2
wisp,charged,Heart of Wolverine,13,5
wisp,charged,Spirit of Barbs,11,7
gargoyles-bite,dmg%,,180,230
gargoyles-bite,rep-quant,30,0,0
gargoyles-bite,dmg-pois,250,300,300
gargoyles-bite,lifesteal,,9,15
gargoyles-bite,charged,Plague Javelin,60,11
lacerator,dmg%,,150,210
lacerator,rep-quant,25,0,0
lacerator,swing2,,30,30
lacerator,noheal,,1,1
lacerator,openwounds,,33,33
lacerator,howl,,64,64
lacerator,hit-skill,Amplify Damage,33,3
mang-songs-lesson,allskills,,5,5
mang-songs-lesson,pierce-fire,,7,15
mang-songs-lesson,pierce-ltng,,7,15
mang-songs-lesson,pierce-cold,,7,15
mang-songs-lesson,regen-mana,,10,10
mang-songs-lesson,cast2,,30,30
viperfork,dmg%,,190,240
viperfork,dmg-pois,250,333,333
viperfork,swing2,,50,50
viperfork,att,,200,250
viperfork,hit-skill,Poison Explosion,15,9
viperfork,res-pois,,30,50
ethereal-edge,dmg%,,150,180
ethereal-edge,swing2,,25,25
ethereal-edge,abs-fire,,10,12
ethereal-edge,dmg-demon,,150,200
ethereal-edge,demon-heal,,5,10
ethereal-edge,att,,270,350
ethereal-edge,ethereal,,1,1
ethereal-edge,indestruct,,1,1
demonhorns-edge,ac%,,120,160
demonhorns-edge,swing2,,10,10
demonhorns-edge,lifesteal,,3,6
demonhorns-edge,thorns,,55,77
demonhorns-edge,skilltab,12,1,3
demonhorns-edge,skilltab,13,1,3
demonhorns-edge,skilltab,14,1,3
the-reapers-toll,dmg%,,190,240
the-reapers-toll,hit-skill,Decrepify,33,1
the-reapers-toll,ignore-ac,,1,1
the-reapers-toll,lifesteal,,11,15
the-reapers-toll,ease,,-25,-25
the-reapers-toll,deadly,,33,33
the-reapers-toll,dmg-cold,,4,44
spiritkeeper,ac%,,170,190
spiritkeeper,balance2,,20,20
spiritkeeper,abs-ltng,,9,14
spiritkeeper,res-fire,,30,40
spiritkeeper,abs-cold%,,15,25
spiritkeeper,res-pois-max,,10,10
spiritkeeper,dru,,1,2
hellrack,dmg%,,180,230
hellrack,dmg-elem,33,63,324
hellrack,swing2,,20,20
hellrack,att%,,100,150
hellrack,sock,,2,2
hellrack,charged,Immolation Arrow,150,18
alma-negra,ac%,,180,210
alma-negra,block2,,30,30
alma-negra,pal,,1,2
alma-negra,block,,20,20
alma-negra,red-mag,,5,9
alma-negra,att%,,40,75
alma-negra,dmg%,,40,75
darkforge-spawn,ac%,,140,180
darkforge-spawn,cast2,,30,30
darkforge-spawn,mana%,,10,10
darkforge-spawn,skilltab,6,1,3
darkforge-spawn,skilltab,7,1,3
darkforge-spawn,skilltab,8,1,3
widowmaker,dmg%,,150,200
widowmaker,deadly,,33,33
widowmaker,ignore-ac,,1,1
widowmaker,magicarrow,,11,11
widowmaker,oskill,Guided Arrow,3,5
bloodravens-charge,dmg%,,180,230
bloodravens-charge,att%,,200,300
bloodravens-charge,explosivearrow,,13,13
bloodravens-charge,skilltab,0,2,4
bloodravens-charge,charged,Revive,30,5
ghostflame,dmg%,,190,240
ghostflame,ignore-ac,,1,1
ghostflame,dmg-mag,,108,108
ghostflame,manasteal,,10,15
ghostflame,ethereal,,1,1
ghostflame,indestruct,,1,1
ghostflame,light,,2,2
shadowkiller,dmg%,,170,220
shadowkiller,reduce-ac,,25,25
shadowkiller,freeze,,2,2
shadowkiller,mana-kill,,10,15
shadowkiller,hit-skill,Frost Nova,33,8
shadowkiller,ethereal,,1,1
shadowkiller,indestruct,,1,1
gimmershred,dmg%,,160,210
gimmershred,dmg-fire,,218,483
gimmershred,dmg-cold,100,176,397
gimmershred,dmg-ltng,,29,501
gimmershred,stack,,60,60
gimmershred,swing2,,30,30
griffons-eye,ac,,100,200
griffons-eye,cast2,,25,25
griffons-eye,allskills,,1,1
griffons-eye,extra-ltng,,10,15
griffons-eye,pierce-ltng,,15,20
windhammer,dmg%,,180,230
windhammer,crush,,50,50
windhammer,swing2,,60,60
windhammer,hit-skill,Twister,33,22
thunderstroke,dmg%,,150,200
thunderstroke,dmg-ltng,,1,511
thunderstroke,hit-skill,Lightning,20,14
thunderstroke,swing2,,15,15
thunderstroke,pierce-ltng,,15,15
thunderstroke,skill,Lightning Bolt,3,3
thunderstroke,skilltab,2,2,4
demons-arch,dmg%,,160,210
demons-arch,dmg-fire,,232,323
demons-arch,lifesteal,,6,12
demons-arch,rep-quant,30,0,0
demons-arch,swing2,,30,30
demons-arch,dmg-ltng,,23,333
boneflame,ac%,,120,150
boneflame,move2,,20,20
boneflame,gethit-skill,Terror,15,3
boneflame,nec,,2,3
boneflame,res-all,,20,30
steelpillar,dmg%,,210,260
steelpillar,swing2,,25,25
steelpillar,reduce-ac,,20,20
steelpillar,ac%,,50,80
steelpillar,indestruct,,1,1
steelpillar,crush,,25,25
nightwings-veil,ac%,,90,120
nightwings-veil,allskills,,2,2
nightwings-veil,dex,,10,20
nightwings-veil,abs-cold,,5,9
nightwings-veil,half-freeze,,1,1
nightwings-veil,extra-cold,,8,15
nightwings-veil,ease,,-50,-50
crown-of-ages,balance2,,30,30
crown-of-ages,res-all,,20,30
crown-of-ages,allskills,,1,1
crown-of-ages,ac,,100,150
crown-of-ages,indestruct,,1,1
crown-of-ages,red-dmg%,,10,15
crown-of-ages,ac%,,50,50
crown-of-ages,sock,,1,2
andariels-visage,ac%,,100,150
andariels-visage,res-pois,,70,70
andariels-visage,allskills,,2,2
andariels-visage,res-pois-max,,10,10
andariels-visage,swing2,,20,20
andariels-visage,str,,25,30
andariels-visage,gethit-skill,92,15,15
andariels-visage,charged,278,20,3
andariels-visage,lifesteal,,8,10
andariels-visage,res-fire,,-30,-30
dragonscale,ac%,,170,200
dragonscale,abs-fire%,,10,20
dragonscale,res-fire-max,,5,5
dragonscale,str,,15,25
dragonscale,dmg-fire,,211,371
dragonscale,oskill,Hydra,10,10
dragonscale,extra-fire,,15,15
steel-carapice,ac%,,190,220
steel-carapice,balance2,,20,20
steel-carapice,red-dmg,,9,14
steel-carapice,res-cold,,40,60
steel-carapice,regen-mana,,10,15
steel-carapice,rep-dur,5,0,0
steel-carapice,gethit-skill,Iron Maiden,8,6
medusas-gaze,ac%,,150,180
medusas-gaze,slow,,20,20
medusas-gaze,gethit-skill,Lower Resist,10,7
medusas-gaze,lifesteal,,5,9
medusas-gaze,death-skill,Nova,100,44
medusas-gaze,res-cold,,40,80
ravenlore,ac%,,120,150
ravenlore,res-all,,15,25
ravenlore,skilltab,17,3,3
ravenlore,enr,,20,30
ravenlore,pierce-fire,,10,20
ravenlore,skill,Raven,7,7
boneshade,nec,,2,2
boneshade,cast2,,25,25
boneshade,skill,Teeth,4,5
boneshade,skill,Bone Armor,4,5
boneshade,skill,Bone Spear,2,3
boneshade,skill,Bone Spirit,1,2
boneshade,skill,Bone Wall,2,3
flamebellow,dmg%,,170,240
flamebellow,dmg-fire,,233,482
flamebellow,fireskill,,3,3
flamebellow,abs-fire%,,20,30
flamebellow,hit-skill,Firestorm,12,16
flamebellow,str,,10,20
flamebellow,vit,,5,10
flamebellow,oskill,Inferno,12,18
fathom,sor,,3,3
fathom,extra-cold,,15,30
fathom,cast2,,20,20
fathom,res-fire,,25,40
fathom,res-ltng,,25,40
wolfhowl,ac%,,120,150
wolfhowl,skilltab,14,2,3
wolfhowl,str,,8,15
wolfhowl,dex,,8,15
wolfhowl,vit,,8,15
wolfhowl,oskill,Wearwolf,3,6
wolfhowl,charged,Summon Fenris,18,15
wolfhowl,oskill,Shape Shifting,3,6
wolfhowl,oskill,Feral Rage,3,6
spirit-ward,ac%,,130,180
spirit-ward,abs-cold,,6,11
spirit-ward,res-all,,30,40
spirit-ward,block,,20,30
spirit-ward,block2,,25,25
spirit-ward,gethit-skill,Fade,5,8
kiras-guardian,ac,,50,120
kiras-guardian,res-all,,50,70
kiras-guardian,nofreeze,,1,1
kiras-guardian,balance2,,20,20
ormus-robes,ac,,10,20
ormus-robes,cast2,,20,20
ormus-robes,extra-fire,,10,15
ormus-robes,extra-cold,,10,15
ormus-robes,extra-ltng,,10,15
ormus-robes,regen-mana,,10,15
ormus-robes,skill-rand,3,36,60
gheeds-fortune,mag%,,20,40
gheeds-fortune,gold%,,80,160
gheeds-fortune,cheap,,10,15
stormlash,dmg%,,240,300
stormlash,swing2,,30,30
stormlash,hit-skill,Static Field,15,10
stormlash,hit-skill,Tornado,20,18
stormlash,dmg-ltng,,1,473
stormlash,light-thorns,,30,30
stormlash,crush,,33,33
stormlash,abs-ltng,,3,9
halaberds-reign,ac%,,140,170
halaberds-reign,skilltab,13,1,1
halaberds-reign,bar,,2,2
halaberds-reign,balance2,,20,20
halaberds-reign,regen,,15,23
halaberds-reign,skill,Battle Orders,1,2
halaberds-reign,skill,Battle Command,1,2
spike-thorn,ac%,,120,150
spike-thorn,thorns/lvl,11,0,0
spike-thorn,dur,,250,250
spike-thorn,balance2,,30,30
spike-thorn,red-dmg%,,15,20
spike-thorn,sock,,1,1
draculs-grasp,ac%,,90,120
draculs-grasp,lifesteal,,7,10
draculs-grasp,openwounds,,25,25
draculs-grasp,hit-skill,Life Tap,5,10
draculs-grasp,heal-kill,,5,10
draculs-grasp,str,,10,15
frostwind,dmg%,,180,230
frostwind,freeze,,4,4
frostwind,half-freeze,,1,1
frostwind,dmg-cold,150,237,486
frostwind,swing2,,25,25
frostwind,abs-cold%,,7,15
frostwind,oskill,Arctic Blast,7,14
templars-might,ac%,,170,220
templars-might,balance2,,20,20
templars-might,ac-miss,,250,300
templars-might,stam,,40,50
templars-might,str,,10,15
templars-might,vit,,10,15
templars-might,skilltab,10,1,2
eschutas-temper,sor,,1,3
eschutas-temper,cast2,,40,40
eschutas-temper,extra-fire,,10,20
eschutas-temper,extra-ltng,,10,20
eschutas-temper,enr,,20,30
firelizards-talons,dmg%,,200,270
firelizards-talons,swing2,,15,15
firelizards-talons,skilltab,20,1,3
firelizards-talons,dmg-fire,,236,480
firelizards-talons,res-fire,,40,70
firelizards-talons,skill,Wake of Fire Sentry,1,2
firelizards-talons,skill,Inferno Sentry,1,2
sandstorm-trek,ac%,,140,170
sandstorm-trek,move2,,20,20
sandstorm-trek,balance2,,20,20
sandstorm-trek,stam/lvl,8,0,0
sandstorm-trek,stamdrain,,50,50
sandstorm-trek,res-pois,,40,70
sandstorm-trek,rep-dur,5,0,0
sandstorm-trek,str,,10,15
sandstorm-trek,vit,,10,15
marrowwalk,ac%,,170,200
marrowwalk,move2,,20,20
marrowwalk,charged,Bone Prison,13,33
marrowwalk,charged,Life Tap,10,12
marrowwalk,regen-stam,,10,10
marrowwalk,regen-mana,,10,10
marrowwalk,half-freeze,,1,1
marrowwalk,str,,10,20
marrowwalk,dex,,17,17
marrowwalk,skill,Skeleton Mastery,1,2
heavens-light,dmg%,,250,300
heavens-light,swing2,,20,20
heavens-light,reduce-ac,,33,33
heavens-light,light,,3,3
heavens-light,demon-heal,,15,20
heavens-light,crush,,33,33
heavens-light,sock,,1,3
heavens-light,pal,,2,3
arachnid-mesh,ac%,,90,120
arachnid-mesh,cast2,,20,20
arachnid-mesh,charged,Venom,11,3
arachnid-mesh,allskills,,1,1
arachnid-mesh,slow,,10,10
arachnid-mesh,mana%,,5,5
nosferatus-coil,str,,15,15
nosferatus-coil,mana-kill,,2,2
nosferatus-coil,slow,,10,10
nosferatus-coil,lifesteal,,5,7
nosferatus-coil,swing2,,10,10
nosferatus-coil,light,,-3,-3
metalgrid,ac,,300,350
metalgrid,res-all,,25,35
metalgrid,att,,400,450
metalgrid,charged,IronGolem,11,22
metalgrid,charged,Iron Maiden,20,12
verdugos-hearty-cord,ac%,,90,140
verdugos-hearty-cord,vit,,30,40
verdugos-hearty-cord,stam,,100,120
verdugos-hearty-cord,balance2,,10,10
verdugos-hearty-cord,red-dmg%,,10,15
verdugos-hearty-cord,regen,,10,13
carrion-wind,ac-miss,,100,160
carrion-wind,lifesteal,,6,9
carrion-wind,res-pois,,55,55
carrion-wind,gethit-skill,Poison Nova,10,10
carrion-wind,charged,Plague Poppy,15,21
carrion-wind,hit-skill,Twister,8,13
carrion-wind,dmg-to-mana,,10,10
giantskull,ac,,250,320
giantskull,str,,25,35
giantskull,crush,,10,10
giantskull,sock,,1,2
giantskull,knock,,1,1
ironward,dmg%,,240,290
ironward,slow,,25,25
ironward,att%,,150,200
ironward,swing2,,10,10
ironward,dmg-mag,,80,240
ironward,red-dmg,,4,7
ironward,dmg,,40,85
ironward,skilltab,9,2,4
ironward,crush,,33,33
annihilus,allskills,,1,1
annihilus,all-stats,,10,20
annihilus,res-all,,10,20
annihilus,addxp,,5,10
ariocs-needle,dmg%,,180,230
ariocs-needle,dmg-pois,250,403,403
ariocs-needle,deadly,,50,50
ariocs-needle,ignore-ac,,1,1
ariocs-needle,allskills,,2,4
ariocs-needle,swing2,,30,30
cranebeak,dmg%,,240,300
cranebeak,dmg-ltng,,1,305
cranebeak,swing2,,40,40
cranebeak,reduce-ac,,25,25
cranebeak,mag%,,20,50
cranebeak,charged,Raven,15,8
nords-tenderizer,dmg%,,270,330
nords-tenderizer,freeze,,2,4
nords-tenderizer,swing2,,25,25
nords-tenderizer,charged,Blizzard,12,16
nords-tenderizer,att%,,150,180
nords-tenderizer,abs-cold%,,5,15
nords-tenderizer,dmg-cold,125,205,455
earthshifter,dmg%,,250,300
earthshifter,hit-skill,Eruption,25,14
earthshifter,crush,,33,33
earthshifter,swing2,,10,10
earthshifter,charged,Volcano,30,14
earthshifter,skilltab,17,7,7
earthshifter,cast2,,10,10
wraithflight,dmg%,,150,190
wraithflight,rep-quant,40,0,0
wraithflight,lifesteal,,9,13
wraithflight,mana-kill,,15,15
wraithflight,ethereal,,1,1
bonehew,dmg%,,270,320
bonehew,swing2,,30,30
bonehew,charged,Corpse Explosion,30,14
bonehew,hit-skill,Bone Spear,50,16
bonehew,noheal,,1,1
bonehew,sock,,2,2
ondals-wisdom,cast2,,45,45
ondals-wisdom,enr,,40,50
ondals-wisdom,allskills,,2,4
ondals-wisdom,ac,,450,550
ondals-wisdom,addxp,,5,5
ondals-wisdom,red-mag,,5,8
the-reedeemer,dmg%,,250,300
the-reedeemer,dmg-demon,,200,250
the-reedeemer,pal,,2,2
the-reedeemer,ease,,-60,-60
the-reedeemer,skill,Redemption,2,4
the-reedeemer,skill,Holy Bolt,2,4
the-reedeemer,light,,3,3
the-reedeemer,reduce-ac,,33,33
the-reedeemer,dmg,,60,120
headhunters-glory,ac,,320,420
headhunters-glory,ac-miss,,300,350
headhunters-glory,res-pois,,30,40
headhunters-glory,sock,,1,3
headhunters-glory,res-fire,,20,30
headhunters-glory,heal-kill,,5,7
steelrend,ac,,170,210
steelrend,str,,15,20
steelrend,dmg%,,30,60
steelrend,crush,,10,10
rainbow-facet,dmg-ltng,,1,74
rainbow-facet,pierce-ltng,,3,5
rainbow-facet,extra-ltng,,3,5
rainbow-facet,death-skill,Chain Lightning,100,47
rainbow-facet,dmg-cold,3,24,38
rainbow-facet,pierce-cold,,3,5
rainbow-facet,extra-cold,,3,5
rainbow-facet,death-skill,Blizzard,100,37
rainbow-facet,dmg-fire,,17,45
rainbow-facet,pierce-fire,,3,5
rainbow-facet,extra-fire,,3,5
rainbow-facet,death-skill,Meteor,100,31
rainbow-facet,dmg-pois,50,187,187
rainbow-facet,pierce-pois,,3,5
rainbow-facet,extra-pois,,3,5
rainbow-facet,death-skill,Poison Nova,100,51
rainbow-facet,dmg-ltng,,1,74
rainbow-facet,pierce-ltng,,3,5
rainbow-facet,extra-ltng,,3,5
rainbow-facet,levelup-skill,Nova,100,41
rainbow-facet,dmg-cold,3,24,38
rainbow-facet,pierce-cold,,3,5
rainbow-facet,extra-cold,,3,5
rainbow-facet,levelup-skill,Frost Nova,100,43
rainbow-facet,dmg-fire,,17,45
rainbow-facet,pierce-fire,,3,5
rainbow-facet,extra-fire,,3,5
rainbow-facet,levelup-skill,Blaze,100,29
rainbow-facet,dmg-pois,50,187,187
rainbow-facet,pierce-pois,,3,5
rainbow-facet,extra-pois,,3,5
rainbow-facet,levelup-skill,Venom,100,23
hellfire-torch,randclassskill,,0,6
hellfire-torch,all-stats,,10,20
hellfire-torch,res-all,,10,20
hellfire-torch,light,,8,8
hellfire-torch,hit-skill,197,5,10
hellfire-torch,charged,Hydra,10,30