Aegis,aegis,Normal,Elite,Shield,18,28,79,59,92,219,,1,100,,4,1,97701,693568,,,,,,,,,,,,,145,161,1,10,24
Aerin Shield,aerin-shield,Normal,Normal,Paladin Shield,4,10,20,15,50,50,,1,100,,4,1,5158,43557,,,,,,,,,,,,,26,36,0,0,22
Akaran Rondache,akaran-rondache,Normal,Exceptional,Paladin Shield,15,20,40,30,30,59,,1,100,,4,1,40941,82066,,,,,,,,,,,,,113,137,0,0,15
Akaran Targe,akaran-targe,Normal,Exceptional,Paladin Shield,12,16,35,26,20,44,,1,100,,4,1,32500,82065,,,,,,,,,,,,,101,125,0,0,10
Alpha Helm,alpha-helm,Normal,Exceptional,Druid Pelt,0,0,35,26,20,44,,1,,,3,1,16300,82061,,,,,,,,,,,,,52,62,0,0,0
Ancient Armor,ancient-armor,Normal,Normal,Armor,0,0,40,0,60,100,,0,,,4,1,73864,761140,,,,,,,,,,,,,218,233,5,5,0
Ancient Axe,ancient-axe,Normal,Exceptional,Axe,,,51,25,50,125,,0,100,,6,1,7530,412030,,1,43,85,,,3,10,,,,,,,,,
Ancient Shield,ancient-shield,Normal,Exceptional,Shield,12,16,56,25,80,110,,0,100,,3,1,39220,422340,,,,,,,,,,,,,80,93,0,5,16
Ancient Sword,ancient-sword,Normal,Exceptional,Sword,18,43,49,25,44,127,88,0,100,,3,1,6291,335259,,,,,,,1,,,,,,,,,,
Antlers,antlers,Normal,Normal,Druid Pelt,0,0,16,12,20,24,,1,,,3,1,2832,21852,,,,,,,,,,,,,18,24,0,0,0
Arbalest,arbalest,Normal,Exceptional,Crossbow,,,34,22,30,52,61,0,,100,3,1,2709,111606,,1,14,27,,,,-10,,,,,,,,,
Archon Plate,archon-plate,Normal,Elite,Armor,0,0,84,63,60,103,,1,,,4,1,317526,3851372,,,,,,,,,,,,,410,524,1,0,0
Archon Staff,archon-staff,Normal,Elite,Staff,,,85,66,26,34,,1,100,,6,1,10001,895085,,1,83,99,,,1,10,,,,,,,,,
Armet,armet,Normal,Elite,Helm,0,0,68,51,24,109,,1,,,2,1,69940,671703,,,,,,,,,,,,,105,149,0,0,0
Ashwood Bow,ashwood-bow,Normal,Exceptional,Amazon Bow,,,39,29,48,56,77,1,,100,5,1,7800,326200,,1,16,29,,,,,,,,,,,,,
Assault Helmet,assault-helmet,Normal,Normal,Barbarian Headgear,0,0,20,15,50,55,,1,,,3,1,3420,29360,,,,,,,,,,,,,30,35,0,0,0
Ataghan,ataghan,Normal,Elite,Sword,26,46,61,45,22,138,95,1,100,,2,1,16103,1015283,,,,,,,,-20,,,,,,,,,
Avenger Guard,avenger-guard,Normal,Normal,Barbarian Headgear,0,0,24,18,55,65,,1,,,3,1,5785,49280,,,,,,,,,,,,,35,50,0,0,0
Axe,axe,Normal,Normal,Axe,4,11,7,0,24,32,,0,100,,4,1,403,8821,,,,,,,1,10,,,,,,,,,
Balanced Axe,balanced-axe,Normal,Normal,Throwing Axe,5,10,16,0,10,,57,0,75,75,,1,35,11060,,,,,12,15,,-10,1,16,130,24,,,,,
Balanced Knife,balanced-knife,Normal,Normal,Throwing Knife,1,8,13,0,8,,51,0,75,75,,1,15,9195,,,,,6,11,,-20,1,30,160,60,,,,,
Balista,balista,Normal,Exceptional,Crossbow,,,47,25,50,110,80,0,,100,6,1,12588,617636,,1,33,55,,,,10,,,,,,,,,
Balrog Blade,balrog-blade,Normal,Elite,Sword,15,75,71,53,50,185,87,1,100,,4,1,16331,1197501,1,1,55,118,,,2,,,,,,,,,,
Balrog Skin,balrog-skin,Normal,Elite,Armor,0,0,76,57,30,165,,1,,,4,1,285351,2882894,,,,,,,,,,,,,410,517,0,5,0
Balrog Spear,balrog-spear,Normal,Elite,Javelin,33,63,71,53,14,127,95,1,75,75,,1,232,54472,,,,,40,62,2,10,1,20,80,40,,,,,
Barbed Club,barbed-club,Normal,Exceptional,Club,13,25,32,20,36,30,,0,100,,3,1,975,49700,,,,,,,1,,,,,,,,,,
Barbed Shield,barbed-shield,Normal,Exceptional,Shield,18,35,42,25,55,65,,0,100,,2,1,23155,172324,,,,,,,,,,,,,58,78,0,0,17
Bardiche,bardiche,Normal,Normal,Polearm,,,5,0,50,40,,0,100,,3,1,302,6510,,1,1,27,,,2,10,,,,,,,,,
Basinet,basinet,Normal,Exceptional,Helm,0,0,45,25,30,82,,0,,,2,1,29083,233910,,,,,,,,,,,,,75,84,0,0,0
Bastard Sword,bastard-sword,Normal,Normal,Sword,7,19,24,0,40,62,,0,100,,4,1,1971,61804,1,1,20,28,,,1,10,,,,,,,,,
Battle Axe,battle-axe,Normal,Normal,Axe,,,17,0,40,54,,0,100,,5,1,1262,32454,,1,12,32,,,1,10,,,,,,,,,
Battle Belt,battle-belt,Normal,Exceptional,Belt,0,0,49,25,18,88,,0,,,0,1,15713,151185,,,,,,,,,,,,,37,42,0,0,0
Battle Boots,battle-boots,Normal,Exceptional,Boots,37,64,49,25,18,95,,0,120,,0,1,16905,160950,,,,,,,,,,,,,39,47,0,0,0
Battle Cestus,battle-cestus,Normal,Elite,Assassin Blades,36,42,73,54,72,110,110,1,75,75,2,1,15537,1173201,,,,,,,1,-10,,,,,,,,,
Battle Dart,battle-dart,Normal,Exceptional,Throwing Knife,8,16,31,19,6,25,52,0,75,75,,1,80,20480,,,,,11,24,,,1,40,160,75,,,,,
Battle Gauntlets,battle-gauntlets,Normal,Exceptional,Gloves,0,0,49,25,18,88,,0,,,0,1,16913,161025,,,,,,,,,,,,,39,47,0,0,0
Battle Hammer,battle-hammer,Normal,Exceptional,Mace,35,58,48,25,55,100,,0,110,,4,1,6543,340564,,,,,,,,20,,,,,,,,,
Battle Scythe,battle-scythe,Normal,Exceptional,Polearm,,,40,25,65,82,82,0,100,,5,1,2844,136260,,1,18,45,,,1,-10,,,,,,,,,
Battle Staff,battle-staff,Normal,Normal,Staff,,,17,0,40,,,0,100,,4,1,1223,31791,,1,6,13,,,1,,,,,,,,,,
Battle Sword,battle-sword,Normal,Exceptional,Sword,16,34,40,25,32,92,43,0,100,,4,1,3387,157980,,,,,,,,,,,,,,,,,
Bearded Axe ,bearded-axe-,Normal,Exceptional,Axe,,,38,25,35,92,,0,100,,5,1,2718,124784,,1,21,49,,,1,,,,,,,,,,
Bec-de-Corbin,bec-de-corbin,Normal,Exceptional,Polearm,,,51,25,55,133,91,0,100,,6,1,8418,457318,,1,13,85,,,4,,,,,,,,,,
Belt,belt,Normal,Normal,Belt,0,0,12,0,16,25,,0,,,0,1,495,9985,,,,,,,,,,,,,5,5,0,0,0
Berserker Axe,berserker-axe,Normal,Elite,Axe,24,71,85,64,26,138,59,1,100,,6,1,15957,1401345,,,,,,,2,,,,,,,,,,
Bill,bill,Normal,Exceptional,Polearm,,,37,25,50,95,,0,100,,4,1,2133,99921,,1,14,53,,,2,,,,,,,,,,
Blade,blade,Normal,Normal,Knife,4,15,23,0,24,35,51,0,75,75,2,1,1764,54572,,,,,,,,-10,,,,,,,,,
Blade Barrier,blade-barrier,Normal,Elite,Shield,26,40,68,51,83,118,,1,100,,3,1,85443,413914,,,,,,,,,,,,,147,163,0,0,20
Blade Bow,blade-bow,Normal,Elite,Bow,,,60,45,32,76,119,1,,100,4,1,21350,1313500,,1,21,41,,,,-10,,,,,,,,,
Blade Talons,blade-talons,Normal,Normal,Assassin Blades,10,14,21,0,69,50,50,1,75,75,3,1,847,30787,,,,,,,1,-20,,,,,,,,,
Blood Spirt,blood-spirt,Normal,Elite,Druid Pelt,0,0,62,46,20,86,,1,,,3,1,61755,413914,,,,,,,,,,,,,101,145,0,0,0
Bloodlord Skull,bloodlord-skull,Normal,Elite,Necromancer Head,0,0,85,65,20,106,,1,,,2,1,86238,82073,,,,,,,,,,,,,103,148,0,0,12
Bone Helm,bone-helm,Normal,Normal,Helm,0,0,22,0,40,25,,0,,,2,1,6323,48276,,,,,,,,,,,,,33,36,0,0,0
Bone Knife,bone-knife,Normal,Elite,Knife,23,49,58,43,26,38,75,1,75,75,1,1,12429,752382,,,,,,,,-20,,,,,,,,,
Bone Shield,bone-shield,Normal,Normal,Shield,3,6,19,0,40,25,,0,100,,2,1,3175,27081,,,,,,,,,,,,,10,30,0,0,20
Bone Visage,bone-visage,Normal,Elite,Helm,0,0,84,63,40,106,,1,,,3,1,87274,598161,,,,,,,,,,,,,100,157,0,0,0
Bone Wand,bone-wand,Normal,Normal,Wand,3,7,18,0,15,,,0,100,,2,1,1296,34828,,,,,,,,-20,,,,,,,,,
Boneweave,boneweave,Normal,Elite,Armor,0,0,62,47,45,158,,1,,,4,1,227700,2536340,,,,,,,,,,,,,399,505,0,5,0
Boneweave Boots,boneweave-boots,Normal,Elite,Boots,69,118,72,54,16,118,,1,120,,0,1,36456,352010,,,,,,,,,,,,,59,67,0,0,0
Bracers,bracers,Normal,Normal,Gloves,0,0,12,0,16,25,,0,,,0,1,859,11077,,,,,,,,,,,,,8,9,0,0,0
Bramble Mitts,bramble-mitts,Normal,Elite,Gloves,0,0,57,42,12,50,,1,,,0,1,26920,269938,,,,,,,,,,,,,54,62,0,0,0
Brandistock,brandistock,Normal,Normal,Spear,,,16,0,28,40,50,0,100,,5,1,1162,29092,,1,7,17,,,4,-20,,,,,,,,,
Breast Plate,breast-plate,Normal,Normal,Armor,0,0,18,0,50,30,,0,,,3,1,10078,56851,,,,,,,,,,,,,65,68,1,0,0
Broad Axe ,broad-axe-,Normal,Normal,Axe,,,12,0,35,48,,0,100,,5,1,806,18172,,1,10,18,,,1,,,,,,,,,,
Broad Sword,broad-sword,Normal,Normal,Sword,7,14,15,0,32,48,,0,100,,4,1,1029,25435,,,,,,,,,,,,,,,,,
Buckler,buckler,Normal,Normal,Shield,1,3,1,0,12,12,,0,100,,1,1,68,3017,,,,,,,,,,,,,4,6,0,0,0
Burnt Wand,burnt-wand,Normal,Exceptional,Wand,8,18,31,19,15,25,,0,100,,1,1,915,46365,,,,,,,,,,,,,,,,,
Caduceus,caduceus,Normal,Elite,Scepter,37,43,85,66,70,97,70,1,100,,5,1,22870,1988950,,,,,,,1,-10,,,,,,,,,
Cantor Trophy,cantor-trophy,Normal,Exceptional,Necromancer Head,0,0,49,36,20,50,,1,,,2,1,22750,82072,,,,,,,,,,,,,50,64,0,0,10
Cap,cap,Normal,Normal,Helm,0,0,1,0,12,0,,0,,,2,1,64,3016,,,,,,,,,,,,,3,5,0,0,0
Carnage Helm,carnage-helm,Normal,Elite,Barbarian Headgear,0,0,60,45,25,106,,1,,,3,1,60650,413918,,,,,,,,,,,,,102,147,0,0,0
Casque,casque,Normal,Exceptional,Helm,0,0,42,25,24,59,,0,,,2,1,23075,171804,,,,,,,,,,,,,63,72,0,0,0
Cedar Bow,cedar-bow,Normal,Exceptional,Bow,,,35,23,28,53,49,0,,100,5,1,1770,81950,,1,10,29,,,,,,,,,,,,,
Cedar Staff,cedar-staff,Normal,Exceptional,Staff,,,38,25,35,25,,0,100,,4,1,2598,120224,,1,11,32,,,1,10,,,,,,,,,
Ceremonial Bow,ceremonial-bow,Normal,Exceptional,Amazon Bow,,,47,35,55,73,110,1,,100,5,1,11025,544175,,1,19,41,,,,10,,,,,,,,,
Ceremonial Javelin,ceremonial-javelin,Normal,Exceptional,Amazon Javelin,18,35,35,26,6,25,109,1,80,50,,1,444,35540,,,,,18,54,2,-10,1,32,80,80,,,,,
Ceremonial Pike,ceremonial-pike,Normal,Exceptional,Amazon Spear,,,51,38,25,115,98,1,80,50,6,1,6369,352819,,1,42,101,,,4,20,,,,,,,,,
Ceremonial Spear,ceremonial-spear,Normal,Exceptional,Amazon Spear,,,43,32,28,101,80,1,80,50,6,1,5316,252588,,1,34,51,,,4,,,,,,,,,,
Cestus,cestus,Normal,Normal,Assassin Blades,7,15,15,0,72,42,42,1,75,75,2,1,514,17710,,,,,,,1,,,,,,,,,,
Chain Boots,chain-boots,Normal,Normal,Boots,6,12,12,0,16,30,,0,120,,0,1,854,11062,,,,,,,,,,,,,8,9,0,0,0
Chain Mail,chain-mail,Normal,Normal,Armor,0,0,15,0,45,48,,0,,,2,1,9360,45100,,,,,,,,,,,,,72,75,0,5,0
Champion Axe,champion-axe,Normal,Elite,Axe,,,82,61,50,167,59,1,100,,6,1,19245,1621590,,1,59,94,,,2,-10,,,,,,,,,
Champion Sword,champion-sword,Normal,Elite,Sword,24,54,77,57,40,163,103,1,100,,4,1,19939,1576303,1,1,71,83,,,2,-10,,,,,,,,,
Chaos Armor,chaos-armor,Normal,Exceptional,Armor,0,0,61,25,70,140,,0,,,4,1,162672,1888411,,,,,,,,,,,,,315,342,2,10,0
Choking Gas Potion,choking-gas-potion,Normal,Normal,Throwing Potion,0,1,20,16,2,,,0,,,,1,120,0,,,,,,,,,1,3,25,6,,,,,
Chu-Ko-Nu,chu-ko-nu,Normal,Exceptional,Crossbow,,,54,25,40,80,95,0,,100,5,1,8517,489418,,1,14,32,,,,-60,,,,,,,,,
Cinquedeas,cinquedeas,Normal,Exceptional,Knife,15,31,42,25,24,25,88,0,75,75,3,1,3981,190702,,,,,,,,-20,,,,,,,,,
Circlet,circlet,Normal,Normal,Circlet,0,0,24,16,35,0,,1,,,2,1,12000,85625,,,,,,,,,,,,,20,30,0,0,0
Clasped Orb,clasped-orb,Normal,Normal,Sorceress Orb,5,12,17,13,40,,,1,100,,4,1,1223,31791,,,,,,,,,,,,,,,,,
Claws,claws,Normal,Normal,Assassin Blades,8,15,18,0,64,46,46,1,75,75,3,1,683,23794,,,,,,,1,-10,,,,,,,,,
Claymore,claymore,Normal,Normal,Sword,5,12,17,0,50,47,,0,100,,4,1,1262,32454,1,1,13,30,,,2,10,,,,,,,,,
Cleaver,cleaver,Normal,Exceptional,Axe,10,33,34,22,24,68,,0,100,,4,1,1509,70806,,,,,,,1,10,,,,,,,,,
Cloudy Sphere,cloudy-sphere,Normal,Elite,Sorceress Orb,11,29,41,30,35,,,1,100,,4,1,2598,129518,,,,,,,,,,,,,,,,,
Club,club,Normal,Normal,Club,1,6,1,0,24,,,0,100,,2,1,32,3032,,,,,,,,-10,,,,,,,,,
Colossal Sword,colossal-sword,Normal,Elite,Sword,26,70,80,60,50,182,95,1,100,,5,1,24800,2026500,1,1,61,121,,,2,10,,,,,,,,,
Colossus Blade,colossus-blade,Normal,Elite,Sword,25,65,85,63,50,189,110,1,100,,6,1,22259,1937015,1,1,58,115,,,2,5,,,,,,,,,
Colossus Crossbow,colossus-crossbow,Normal,Elite,Crossbow,,,75,56,50,163,77,1,,100,6,1,26065,1994875,,1,32,91,,,,10,,,,,,,,,
Colossus Girdle,colossus-girdle,Normal,Elite,Belt,0,0,85,67,24,185,,1,,,0,1,45051,493775,,,,,,,,,,,,,61,71,0,0,0
Colossus Voulge,colossus-voulge,Normal,Elite,Polearm,,,64,48,50,210,55,1,100,,4,1,12822,855108,,1,17,165,,,2,10,,,,,,,,,
Composite Bow,composite-bow,Normal,Normal,Bow,,,12,0,36,25,35,0,,100,4,1,727,17224,,1,4,8,,,,-10,,,,,,,,,
Conquerer Crown,conquerer-crown,Normal,Elite,Barbarian Headgear,0,0,80,60,50,174,,1,,,3,1,88278,413921,,,,,,,,,,,,,114,159,0,0,0
Conquest Sword,conquest-sword,Normal,Elite,Sword,37,53,78,58,32,142,112,1,100,,4,1,19044,1526932,,,,,,,,,,,,,,,,,
Corona,corona,Normal,Elite,Helm,0,0,85,66,50,174,,1,,,3,1,94770,1042170,,,,,,,,,,,,,111,165,0,0,0
Coronet,coronet,Normal,Exceptional,Circlet,0,0,52,39,30,0,,1,,,2,1,23000,171250,,,,,,,,,,,,,30,40,0,0,0
Crossbow,crossbow,Normal,Normal,Crossbow,,,15,0,40,40,33,0,,100,4,1,2345,45175,,1,9,16,,,,,,,,,,,,,
Crowbill,crowbill,Normal,Exceptional,Axe,14,34,43,25,26,94,70,0,100,,6,1,4563,220209,,,,,,,1,-10,,,,,,,,,
Crown,crown,Normal,Normal,Helm,0,0,29,0,50,55,,0,,,3,1,8345,77501,,,,,,,,,,,,,25,45,0,0,0
Crown Shield,crown-shield,Normal,Normal,Paladin Shield,4,12,24,18,60,65,,1,100,,4,1,6935,82075,,,,,,,,,,,,,30,40,0,0,25
Crusader Bow,crusader-bow,Normal,Elite,Bow,,,77,57,44,97,121,1,,100,6,1,18105,1435085,,1,15,63,,,,10,,,,,,,,,
Crusader Gauntlets,crusader-gauntlets,Normal,Elite,Gloves,0,0,76,57,18,151,,1,,,0,1,39119,420620,,,,,,,,,,,,,59,68,0,0,0
Cryptic Axe,cryptic-axe,Normal,Elite,Polearm,,,79,59,65,165,103,1,100,,5,1,16509,1346211,,1,33,150,,,3,10,,,,,,,,,
Cryptic Sword,cryptic-sword,Normal,Elite,Sword,5,77,82,61,44,99,109,1,100,,4,1,14306,1216592,,,,,,,1,-10,,,,,,,,,
Crystal Sword,crystal-sword,Normal,Normal,Sword,5,15,11,0,20,43,,0,100,,6,1,2127,31397,,,,,,,1,,,,,,,,,,
Crystalline Globe,crystalline-globe,Normal,Elite,Sorceress Orb,10,26,37,27,30,,,1,100,,4,1,1689,83493,,,,,,,,-10,,,,,,,,,
Cudgel,cudgel,Normal,Exceptional,Club,6,21,30,18,24,25,,0,100,,2,1,396,29380,,,,,,,,-10,,,,,,,,,
Cuirass,cuirass,Normal,Exceptional,Armor,0,0,47,25,50,65,,0,,,3,1,74719,613456,,,,,,,,,,,,,188,202,1,0,0
Cutlass,cutlass,Normal,Exceptional,Sword,8,21,43,25,22,25,52,0,100,,2,1,1122,72246,,,,,,,,-30,,,,,,,,,
Dacian Falx,dacian-falx,Normal,Exceptional,Sword,13,30,42,25,50,91,20,0,100,,4,1,4086,195112,1,1,26,61,,,2,10,,,,,,,,,
Dagger,dagger,Normal,Normal,Knife,1,4,3,0,16,,,0,75,75,1,1,60,4180,,,,,,,,-20,,,,,,,,,
Death Mask,death-mask,Normal,Exceptional,Helm,0,0,48,25,20,55,,0,,,3,1,27190,241184,,,,,,,,,,,,,54,86,0,0,0
Decapitator,decapitator,Normal,Elite,Axe,,,73,54,40,189,33,1,100,,5,1,16377,1234521,,1,49,137,,,2,10,,,,,,,,,
decoy dagger,decoy-dagger,Normal,Normal,Knife,1,2,0,0,10,15,20,0,100,,,,666,0,,,,,,,,-20,,,,,,,,,
Defender,defender,Normal,Exceptional,Shield,8,12,34,22,68,38,,0,100,,1,1,12562,77123,,,,,,,,,,,,,41,49,0,0,10
Demon Crossbow,demon-crossbow,Normal,Elite,Crossbow,,,84,63,40,141,98,1,,100,5,1,25851,2215984,,1,26,40,,,,-60,,,,,,,,,
Demon Head,demon-head,Normal,Normal,Necromancer Head,0,0,24,18,20,25,,1,,,2,1,3475,35350,,,,,,,,,,,,,15,20,0,0,12
Demon Heart,demon-heart,Normal,Elite,Sorceress Orb,23,55,75,56,35,,,1,100,,4,1,22094,1697050,,,,,,,,,,,,,,,,,
Demonhead,demonhead,Normal,Elite,Helm,0,0,74,55,20,102,,1,,,3,1,76578,799703,,,,,,,,,,,,,101,154,0,0,0
Demonhide Armor,demonhide-armor,Normal,Exceptional,Armor,0,0,37,25,28,50,,0,,,2,1,39090,236758,,,,,,,,,,,,,122,136,0,0,0
Demonhide Boots,demonhide-boots,Normal,Exceptional,Boots,26,46,36,24,12,20,,0,120,,0,1,9230,64102,,,,,,,,,,,,,28,35,0,0,0
Demonhide Gloves,demonhide-gloves,Normal,Exceptional,Gloves,0,0,33,21,12,20,,0,,,0,1,8480,64102,,,,,,,,,,,,,28,35,0,0,0
Demonhide Sash,demonhide-sash,Normal,Exceptional,Belt,0,0,36,24,12,20,,0,,,0,1,9304,64486,,,,,,,,,,,,,29,34,0,0,0
Destroyer Helm,destroyer-helm,Normal,Elite,Barbarian Headgear,0,0,73,54,45,151,,1,,,3,1,78881,413920,,,,,,,,,,,,,111,156,0,0,0
Devil Star,devil-star,Normal,Elite,Mace,43,53,70,52,72,153,44,1,100,,3,1,15674,1134680,,,,,,,1,10,,,,,,,,,
Diadem,diadem,Normal,Elite,Circlet,0,0,85,64,20,0,,1,,,3,1,58000,1382500,,,,,,,,,,,,,50,60,0,0,0
Diamond Bow,diamond-bow,Normal,Elite,Bow,,,72,54,40,89,132,1,,100,5,1,24605,1810060,,1,33,40,,,,,,,,,,,,,
Diamond Mail,diamond-mail,Normal,Elite,Armor,0,0,72,54,26,131,,1,,,4,1,254435,2243423,,,,,,,,,,,,,383,489,0,5,0
Dimensional Blade,dimensional-blade,Normal,Exceptional,Sword,13,35,37,25,20,85,60,0,100,,6,1,6681,268197,,,,,,,1,,,,,,,,,,
Dimensional Shard,dimensional-shard,Normal,Elite,Sorceress Orb,30,53,85,66,50,,,1,100,,4,1,20065,1750525,,,,,,,,10,,,,,,,,,
Dirk,dirk,Normal,Normal,Knife,3,9,9,0,20,,25,0,75,75,1,1,532,11788,,,,,,,,,,,,,,,,,
Divine Scepter,divine-scepter,Normal,Exceptional,Scepter,16,38,45,25,70,103,,0,100,,5,1,7269,352105,,,,,,,1,-10,,,,,,,,,
Double Axe,double-axe,Normal,Normal,Axe,5,13,13,0,24,43,,0,100,,5,1,873,20349,,,,,,,1,10,,,,,,,,,
Double Bow,double-bow,Normal,Exceptional,Bow,,,39,25,36,58,73,0,,100,4,1,2481,118759,,1,11,26,,,,-10,,,,,,,,,
Dragon Shield,dragon-shield,Normal,Exceptional,Shield,15,24,45,25,76,91,,0,100,,3,1,23094,189944,,,,,,,,,,,,,59,67,0,0,18
Dragon Stone,dragon-stone,Normal,Normal,Sorceress Orb,8,18,24,18,50,,,1,100,,4,1,1985,62140,,,,,,,,10,,,,,,,,,
Dream Spirit,dream-spirit,Normal,Elite,Druid Pelt,0,0,85,66,20,118,,1,,,3,1,92143,413918,,,,,,,,,,,,,109,159,0,0,0
Dusk Shroud,dusk-shroud,Normal,Elite,Armor,0,0,65,49,20,77,,1,,,4,1,218357,1685148,,,,,,,,,,,,,361,467,0,0,0
Eagle Orb,eagle-orb,Normal,Normal,Sorceress Orb,2,5,1,0,20,,,1,100,,4,1,168,3168,,,,,,,,-10,,,,,,,,,
Earth Spirit,earth-spirit,Normal,Elite,Druid Pelt,0,0,76,57,20,104,,1,,,3,1,79730,413916,,,,,,,,,,,,,107,152,0,0,0
Edge Bow,edge-bow,Normal,Exceptional,Bow,,,30,18,20,25,43,0,,100,3,1,600,35500,,1,6,19,,,,5,,,,,,,,,
Elder Staff,elder-staff,Normal,Elite,Staff,,,74,55,35,44,37,1,100,,4,1,9048,709052,,1,80,93,,,1,,,,,,,,,,
Eldritch Orb,eldritch-orb,Normal,Elite,Sorceress Orb,18,50,67,50,30,,,1,100,,4,1,19367,1333589,,,,,,,,-10,,,,,,,,,
Elegant Blade,elegant-blade,Normal,Elite,Sword,33,45,63,47,32,109,122,1,100,,2,1,22785,1469455,,,,,,,,-10,,,,,,,,,
Embossed Plate,embossed-plate,Normal,Exceptional,Armor,0,0,58,25,55,125,,0,,,4,1,137817,1457493,,,,,,,,,,,,,282,303,0,5,0
Espadon,espadon,Normal,Exceptional,Sword,8,26,37,25,44,73,61,0,100,,3,1,2232,103584,1,1,18,40,,,2,,,,,,,,,,
Ettin Axe,ettin-axe,Normal,Elite,Axe,33,66,70,52,24,145,45,1,100,,5,1,13496,982220,,,,,,,1,10,,,,,,,,,
Executioner Sword,executioner-sword,Normal,Exceptional,Sword,24,40,54,25,50,170,110,0,100,,6,1,10653,604762,1,1,47,80,,,2,10,,,,,,,,,
Exploding Potion,exploding-potion,Normal,Normal,Throwing Potion,0,1,16,12,2,,,0,,,,1,80,0,,,,,,,,,1,3,25,6,,,,,
Falcata,falcata,Normal,Elite,Sword,31,59,56,42,24,150,88,1,100,,2,1,15680,908580,,,,,,,,,,,,,,,,,
Falchion,falchion,Normal,Normal,Sword,9,17,11,0,32,33,,0,100,,2,1,683,15513,,,,,,,,20,,,,,,,,,
Falcon Mask,falcon-mask,Normal,Normal,Druid Pelt,0,0,20,15,20,28,,1,,,3,1,3332,29200,,,,,,,,,,,,,12,28,0,0,0
Fanged Helm,fanged-helm,Normal,Normal,Barbarian Headgear,0,0,8,6,35,35,,1,,,3,1,750,8250,,,,,,,,,,,,,15,20,0,0,0
Fanged Knife,fanged-knife,Normal,Elite,Knife,15,57,83,62,36,42,86,1,75,75,3,1,13729,1183507,,,,,,,,-20,,,,,,,,,
Fascia,fascia,Normal,Exceptional,Assassin Blades,8,37,36,27,64,69,69,1,75,75,2,1,4203,171808,,,,,,,1,10,,,,,,,,,
Feral Axe,feral-axe,Normal,Elite,Axe,,,57,42,30,196,,1,100,,4,1,17430,1024510,,1,25,123,,,2,-15,,,,,,,,,
Feral Claws,feral-claws,Normal,Elite,Assassin Blades,22,53,78,58,52,113,113,1,75,75,3,1,16035,1292230,,,,,,,1,-20,,,,,,,,,
Fetish Trophy,fetish-trophy,Normal,Exceptional,Necromancer Head,0,0,39,29,20,41,,1,,,2,1,14839,82070,,,,,,,,,,,,,41,52,0,0,5
Field Plate,field-plate,Normal,Normal,Armor,0,0,28,0,48,55,,0,,,2,1,23841,183387,,,,,,,,,,,,,101,105,2,5,0
Flail,flail,Normal,Normal,Mace,1,24,19,0,30,41,35,0,100,,5,1,1412,38828,,,,,,,2,-10,,,,,,,,,
Flamberge,flamberge,Normal,Normal,Sword,9,15,27,0,50,70,49,0,100,,5,1,2400,80800,1,1,13,26,,,2,-10,,,,,,,,,
Flanged Mace,flanged-mace,Normal,Exceptional,Mace,15,23,35,23,60,61,,0,100,,2,1,1689,79115,,,,,,,,,,,,,,,,,
Flying Axe,flying-axe,Normal,Elite,Throwing Axe,17,65,56,42,15,88,108,1,75,75,,1,230,43380,,,,,15,66,,10,1,16,180,32,,,,,
Flying Knife,flying-knife,Normal,Elite,Throwing Knife,23,54,64,48,6,48,141,1,75,75,,1,215,48260,,,,,23,54,,,1,40,200,75,,,,,
Francisca,francisca,Normal,Exceptional,Throwing Axe,11,22,34,22,15,25,80,0,75,75,,1,90,22560,,,,,18,33,,10,1,16,130,32,,,,,
Full Helm,full-helm,Normal,Normal,Helm,0,0,15,0,30,41,,0,,,2,1,3095,21606,,,,,,,,,,,,,23,26,0,0,0
Full Plate Mail,full-plate-mail,Normal,Normal,Armor,0,0,37,0,70,80,,0,,,4,1,47192,457526,,,,,,,,,,,,,150,161,2,10,0
Fulminating Potion,fulminating-potion,Normal,Normal,Throwing Potion,0,1,4,0,2,,,0,,,,1,24,0,,,,,,,,,1,3,25,6,,,,,
Fury Visor,fury-visor,Normal,Elite,Barbarian Headgear,0,0,66,49,35,129,,1,,,3,1,68211,413919,,,,,,,,,,,,,105,150,0,0,0
Fuscina,fuscina,Normal,Exceptional,Spear,,,36,24,35,77,25,0,100,,4,1,2349,105064,,1,19,37,,,3,,,,,,,,,,
Gargoyle Head,gargoyle-head,Normal,Normal,Necromancer Head,0,0,20,15,20,20,,1,,,2,1,2164,23320,,,,,,,,,,,,,10,16,0,0,10
Gaunlets,gaunlets,Normal,Normal,Gloves,0,0,27,0,24,60,,0,,,0,1,2964,36007,,,,,,,,,,,,,12,15,0,0,0
Ghost Armor,ghost-armor,Normal,Exceptional,Armor,0,0,34,22,20,38,,0,,,2,1,30552,165635,,,,,,,,,,,,,102,117,0,0,0
Ghost Glaive,ghost-glaive,Normal,Elite,Javelin,19,60,79,59,16,89,137,1,75,75,,1,241,61039,,,,,30,85,2,20,1,8,75,20,,,,,
Ghost Spear,ghost-spear,Normal,Elite,Spear,,,83,62,28,122,163,1,100,,6,1,17248,1475584,,1,18,155,,,4,,,,,,,,,,
Ghost Wand,ghost-wand,Normal,Elite,Wand,20,40,65,48,14,25,,1,100,,2,1,8786,606090,,,,,,,,10,,,,,,,,,
Giant Axe,giant-axe,Normal,Normal,Axe,,,27,0,50,70,,0,100,,6,1,2410,81070,,1,22,45,,,3,10,,,,,,,,,
Giant Conch,giant-conch,Normal,Elite,Helm,0,0,54,40,30,142,,1,,,2,1,57806,757863,,,,,,,,,,,,,110,154,0,0,0
Giant Sword,giant-sword,Normal,Normal,Sword,3,16,21,0,50,56,34,0,100,,4,1,1459,43639,1,1,9,28,,,2,,,,,,,,,,
Giant Thresher,giant-thresher,Normal,Elite,Polearm,,,85,66,55,188,140,1,100,,6,1,17692,1548820,,1,40,114,,,4,-10,,,,,,,,,
Gidbinn,gidbinn,Normal,Normal,Knife,3,7,0,0,30,15,25,0,100,,,,666,0,,,,,,,,-20,,,,,,,,,
Girdle,girdle,Normal,Normal,Belt,0,0,27,0,24,60,,0,,,0,1,2068,29959,,,,,,,,,,,,,8,11,0,0,0
Gladius,gladius,Normal,Exceptional,Sword,8,22,30,18,24,25,,0,100,,2,1,516,32980,,,,,,,,,,,,,,,,,
Glaive,glaive,Normal,Normal,Javelin,5,17,23,0,5,52,35,0,75,75,,1,36,14828,,,,,16,22,2,20,1,15,40,40,,,,,
Glorious Axe,glorious-axe,Normal,Elite,Axe,,,85,66,50,164,55,1,100,,6,1,18431,1611635,,1,60,124,,,3,10,,,,,,,,,
Gloves,gloves,Normal,Normal,Gloves,0,0,3,0,12,0,,0,,,0,1,80,4060,,,,,,,,,,,,,2,3,0,0,0
Glowing Orb,glowing-orb,Normal,Elite,Sorceress Orb,8,21,32,24,20,,,1,100,,4,1,804,44228,,,,,,,,-10,,,,,,,,,
Gnarled Staff,gnarled-staff,Normal,Normal,Staff,,,12,0,35,,,0,100,,4,1,766,17692,,1,4,12,,,1,10,,,,,,,,,
Gorgon Crossbow,gorgon-crossbow,Normal,Elite,Crossbow,,,67,50,40,117,105,1,,100,4,1,22305,1530435,,1,25,87,,,,,,,,,,,,,
Gothic Axe,gothic-axe,Normal,Exceptional,Axe,,,46,25,50,115,79,0,100,,6,1,6048,303708,,1,18,70,,,2,-10,,,,,,,,,
Gothic Bow,gothic-bow,Normal,Exceptional,Bow,,,52,25,55,95,118,0,,100,6,1,11025,601800,,1,10,50,,,,10,,,,,,,,,
Gothic Plate,gothic-plate,Normal,Normal,Armor,0,0,32,0,55,70,,0,,,4,1,34646,295668,,,,,,,,,,,,,128,135,0,5,0
Gothic Shield,gothic-shield,Normal,Normal,Shield,2,6,30,0,40,60,,0,100,,3,1,8000,77500,,,,,,,,,,,,,30,35,0,5,16
Gothic Staff,gothic-staff,Normal,Exceptional,Staff,,,42,25,40,25,,0,100,,4,1,3969,190198,,1,14,34,,,1,,,,,,,,,,
Gothic Sword,gothic-sword,Normal,Exceptional,Sword,14,40,48,25,40,113,20,0,100,,4,1,6213,324724,1,1,39,60,,,1,10,,,,,,,,,
Grand Crown,grand-crown,Normal,Exceptional,Helm,0,0,55,25,50,103,,0,,,3,1,42458,448816,,,,,,,,,,,,,78,113,0,0,0
Grand Matron Bow,grand-matron-bow,Normal,Elite,Amazon Bow,,,78,58,55,108,152,1,,100,5,1,33375,2644750,,1,14,72,,,,10,,,,,,,,,
Grand Scepter,grand-scepter,Normal,Normal,Scepter,8,18,15,0,60,37,,0,100,,3,1,1109,26635,,,,,,,1,10,,,,,,,,,
Grave Wand,grave-wand,Normal,Exceptional,Wand,13,29,49,25,15,25,,0,100,,2,1,6594,350106,,,,,,,,,,,,,,,,,
Great Axe,great-axe,Normal,Normal,Axe,,,23,0,50,63,39,0,100,,6,1,1916,58068,,1,9,30,,,2,-10,,,,,,,,,
Great Bow,great-bow,Normal,Elite,Bow,,,68,51,36,121,107,1,,100,4,1,17743,1243024,,1,12,52,,,,-10,,,,,,,,,
Great Hauberk,great-hauberk,Normal,Elite,Armor,0,0,75,56,50,118,,1,,,4,1,272206,2676189,,,,,,,,,,,,,395,501,1,0,0
Great Helm,great-helm,Normal,Normal,Helm,0,0,23,0,40,63,,0,,,3,1,6177,49517,,,,,,,,,,,,,30,35,0,0,0
Great Maul,great-maul,Normal,Normal,Mace,,,32,0,60,99,,0,110,,6,1,3215,121380,,1,38,58,,,2,20,,,,,,,,,
Great Pilum,great-pilum,Normal,Exceptional,Javelin,11,26,37,25,12,25,88,0,75,75,,1,125,25625,,,,,16,42,2,,1,25,50,50,,,,,
Great Poleaxe,great-poleaxe,Normal,Elite,Polearm,,,84,63,55,179,99,1,100,,6,1,21554,1855036,,1,46,127,,,4,,,,,,,,,,
Great Sword,great-sword,Normal,Normal,Sword,12,20,33,0,50,100,60,0,100,,6,1,3451,132883,1,1,25,42,,,2,10,,,,,,,,,
Greater Claws,greater-claws,Normal,Exceptional,Assassin Blades,18,37,45,33,52,76,76,1,75,75,3,1,5061,252745,,,,,,,1,-20,,,,,,,,,
Greater Talons,greater-talons,Normal,Exceptional,Assassin Blades,21,35,50,37,69,79,79,1,75,75,3,1,9291,492050,,,,,,,1,-30,,,,,,,,,
Griffon Headress,griffon-headress,Normal,Exceptional,Druid Pelt,0,0,40,30,20,50,,1,,,3,1,18564,82062,,,,,,,,,,,,,46,68,0,0,0
Grim Helm,grim-helm,Normal,Exceptional,Helm,0,0,50,25,40,58,,0,,,2,1,37683,348947,,,,,,,,,,,,,60,125,0,0,0
Grim Scythe,grim-scythe,Normal,Exceptional,Polearm,,,55,25,55,140,140,0,100,,6,1,10464,605520,,1,30,70,,,4,-10,,,,,,,,,
Grim Shield,grim-shield,Normal,Exceptional,Shield,14,20,48,25,70,58,,0,100,,2,1,39143,337523,,,,,,,,,,,,,50,150,0,0,20
Grim Wand,grim-wand,Normal,Normal,Wand,5,11,26,0,15,,,0,100,,2,1,2098,70048,,,,,,,,,,,,,,,,,
Guardian Crown,guardian-crown,Normal,Elite,Barbarian Headgear,0,0,85,65,55,196,,1,,,3,1,97844,413922,,,,,,,,,,,,,117,168,0,0,0
Guilded Shield,guilded-shield,Normal,Exceptional,Paladin Shield,20,28,51,38,50,89,,1,100,,4,1,64807,82068,,,,,,,,,,,,,144,168,0,0,22
Halberd,halberd,Normal,Normal,Polearm,,,29,0,55,75,47,0,100,,6,1,2706,95474,,1,12,45,,,4,,,,,,,,,,
Hand Axe,hand-axe,Normal,Normal,Axe,3,6,3,0,28,,,0,100,,2,1,170,4510,,,,,,,,,,,,,,,,,
Hand Scythe,hand-scythe,Normal,Exceptional,Assassin Blades,16,37,41,30,72,73,73,1,75,75,2,1,2964,144524,,,,,,,1,-10,,,,,,,,,
Hard Leather Armor,hard-leather-armor,Normal,Normal,Armor,0,0,5,0,28,20,,0,,,2,1,1060,6325,,,,,,,,,,,,,21,24,0,0,0
Harpoon,harpoon,Normal,Exceptional,Javelin,13,35,51,25,18,25,118,0,75,75,,1,150,35650,,,,,18,54,2,-10,1,32,80,80,,,,,
Hatchet,hatchet,Normal,Exceptional,Axe,10,21,31,19,28,25,25,0,100,,2,1,810,43110,,,,,,,,,,,,,,,,,
Hatchet Hands,hatchet-hands,Normal,Normal,Assassin Blades,2,15,12,0,56,37,37,1,75,75,2,1,466,14092,,,,,,,1,10,,,,,,,,,
Hawk Helm,hawk-helm,Normal,Normal,Druid Pelt,0,0,8,6,20,20,,1,,,3,1,664,7840,,,,,,,,,,,,,4,15,0,0,0
Heater,heater,Normal,Elite,Shield,16,30,58,43,88,77,,1,100,,2,1,48303,385227,,,,,,,,,,,,,95,110,0,0,22
Heavenly Stone,heavenly-stone,Normal,Elite,Sorceress Orb,21,46,59,44,20,,,1,100,,4,1,21051,1274009,,,,,,,,-10,,,,,,,,,
Heavy Belt,heavy-belt,Normal,Normal,Belt,0,0,20,0,18,45,,0,,,0,1,963,17315,,,,,,,,,,,,,6,6,0,0,0
Heavy Boots,heavy-boots,Normal,Normal,Boots,4,10,7,0,14,18,,0,120,,0,1,334,6584,,,,,,,,,,,,,5,6,0,0,0
Heavy Bracers,heavy-bracers,Normal,Exceptional,Gloves,0,0,43,25,16,58,,0,,,0,1,14111,114806,,,,,,,,,,,,,37,44,0,0,0
Heavy Crossbow,heavy-crossbow,Normal,Normal,Crossbow,,,24,0,50,60,40,0,,100,6,1,4096,112804,,1,14,26,,,,10,,,,,,,,,
Heavy Gloves,heavy-gloves,Normal,Normal,Gloves,0,0,7,0,14,0,,0,,,0,1,352,6616,,,,,,,,,,,,,5,6,0,0,0
Heirophant Trophy,heirophant-trophy,Normal,Exceptional,Necromancer Head,0,0,54,40,20,58,,1,,,2,1,27993,82073,,,,,,,,,,,,,58,70,0,0,12
Hellforge Hammer,hellforge-hammer,Normal,Normal,Mace,6,15,0,0,55,,,0,100,,5,,600,0,,,,,,,,,,,,,,,,,
Hellforged Plate,hellforged-plate,Normal,Elite,Armor,0,0,78,59,60,196,,1,,,4,1,300130,3197721,,,,,,,,,,,,,421,530,0,10,0
Hellspawn Skull,hellspawn-skull,Normal,Elite,Necromancer Head,0,0,67,50,20,82,,1,,,2,1,64437,82070,,,,,,,,,,,,,96,141,0,0,5
Helm,helm,Normal,Normal,Helm,0,0,11,0,24,26,,0,,,2,1,1558,12284,,,,,,,,,,,,,15,18,0,0,0
Heraldic Shield,heraldic-shield,Normal,Normal,Paladin Shield,3,9,16,12,40,40,,1,100,,4,1,2816,21240,,,,,,,,,,,,,16,26,0,0,20
Highland Blade,highland-blade,Normal,Elite,Sword,22,62,66,49,50,171,104,1,100,,4,1,14391,985306,1,1,67,96,,,2,-5,,,,,,,,,
Holy Water Sprinkler,holy-water-sprinkler,Normal,Exceptional,Scepter,14,36,40,25,60,76,,0,100,,3,1,3627,167580,,,,,,,1,10,,,,,,,,,
Horadric Malus,horadric-malus,Normal,Normal,Mace,6,15,0,0,55,15,15,0,100,,,,600,0,,,,,,,,20,,,,,,,,,
Horadric Staff,horadric-staff,Normal,Normal,Staff,,,0,0,50,30,,0,100,,,,1223,0,,1,12,20,,,2,,,,,,,,,,
Horned Helm,horned-helm,Normal,Normal,Barbarian Headgear,0,0,16,12,45,45,,1,,,3,1,2750,20750,,,,,,,,,,,,,25,30,0,0,0
Hunter's Bow,hunter's-bow,Normal,Normal,Bow,,,5,0,32,,28,0,,100,4,1,350,6750,,1,2,6,,,,-10,,,,,,,,,
Hunter's Guise,hunter's-guise,Normal,Exceptional,Druid Pelt,0,0,46,29,20,56,,1,,,3,1,27768,82063,,,,,,,,,,,,,67,81,0,0,0
Hurlbat,hurlbat,Normal,Exceptional,Throwing Axe,13,27,41,25,16,25,106,0,75,75,,1,110,27510,,,,,24,34,,-10,1,16,130,24,,,,,
Hydra Bow,hydra-bow,Normal,Elite,Bow,,,85,63,55,134,167,1,,100,6,1,19375,1691875,,1,10,68,,,,10,,,,,,,,,
Hydra Edge,hydra-edge,Normal,Elite,Sword,28,68,69,51,32,142,105,1,100,,2,1,18479,1312051,,,,,,,,10,,,,,,,,,
Hydraskull,hydraskull,Normal,Elite,Helm,0,0,63,47,18,84,,1,,,2,1,62739,568276,,,,,,,,,,,,,101,145,0,0,0
Hyperion,hyperion,Normal,Elite,Shield,14,32,64,48,82,127,,1,100,,3,1,65914,514278,,,,,,,,,,,,,119,135,0,5,24
Hyperion Javelin,hyperion-javelin,Normal,Elite,Javelin,21,57,54,40,10,98,123,1,75,75,,1,211,40894,,,,,28,55,2,-10,1,30,100,60,,,,,
Hyperion Spear,hyperion-spear,Normal,Elite,Spear,,,58,43,30,155,120,1,100,,3,1,15900,953700,,1,35,119,,,3,-10,,,,,,,,,
Jagged Star,jagged-star,Normal,Exceptional,Mace,20,31,39,25,72,74,,0,100,,3,1,2832,132448,,,,,,,1,10,,,,,,,,,
Javelin,javelin,Normal,Normal,Javelin,1,5,1,0,2,,,0,75,75,,1,5,3005,,,,,6,14,2,-10,1,30,60,60,,,,,
Jawbone Cap,jawbone-cap,Normal,Normal,Barbarian Headgear,0,0,4,3,25,25,,1,,,3,1,320,4750,,,,,,,,,,,,,10,15,0,0,0
Jawbone Visor,jawbone-visor,Normal,Exceptional,Barbarian Headgear,0,0,33,25,25,58,,1,,,3,1,16603,82061,,,,,,,,,,,,,55,68,0,0,0
Jo Staff,jo-staff,Normal,Exceptional,Staff,,,30,18,20,25,,0,100,,2,1,804,41620,,1,6,21,,,1,-10,,,,,,,,,
Katar,katar,Normal,Normal,Assassin Blades,4,7,1,0,48,20,20,1,75,75,2,1,72,3072,,,,,,,1,-10,,,,,,,,,
KhalimFlail,khalimflail,Normal,Exceptional,Mace,1,15,0,0,30,41,35,0,100,,3,,1412,0,,,,,,,,-10,,,,,,,,,
Kite Shield,kite-shield,Normal,Normal,Shield,2,5,15,0,30,47,,0,100,,3,1,2129,17983,,,,,,,,,,,,,16,18,0,0,8
Knout,knout,Normal,Exceptional,Mace,13,35,43,25,30,82,73,0,100,,5,1,4536,219048,,,,,,,2,-10,,,,,,,,,
Kraken Shell,kraken-shell,Normal,Elite,Armor,0,0,81,61,48,174,,1,,,4,1,308015,3411990,,,,,,,,,,,,,417,523,2,5,0
Kriss,kriss,Normal,Normal,Knife,2,11,17,0,24,,45,0,75,75,3,1,1227,31859,,,,,,,,-20,,,,,,,,,
Lacquered Plate,lacquered-plate,Normal,Elite,Armor,0,0,82,62,55,208,,1,,,4,1,323094,3803464,,,,,,,,,,,,,433,541,0,5,0
Lance,lance,Normal,Exceptional,Spear,,,47,25,25,110,88,0,100,,6,1,6369,325343,,1,27,114,,,4,20,,,,,,,,,
Large Axe,large-axe,Normal,Normal,Axe,,,6,0,30,35,,0,100,,4,1,354,7624,,1,6,13,,,1,-10,,,,,,,,,
Large Shield,large-shield,Normal,Normal,Shield,2,4,11,0,24,34,,0,100,,3,1,1214,11338,,,,,,,,,,,,,12,14,0,5,12
Leather Armor,leather-armor,Normal,Normal,Armor,0,0,3,0,24,15,,0,,,2,1,481,4360,,,,,,,,,,,,,14,17,0,0,0
Leather Boots,leather-boots,Normal,Normal,Boots,3,8,3,0,12,0,,0,120,,0,1,80,4060,,,,,,,,,,,,,2,3,0,0,0
Legend Spike,legend-spike,Normal,Elite,Knife,31,47,85,66,47,65,67,1,75,75,2,1,16076,1411460,,,,,,,,-10,,,,,,,,,
Legend Sword,legend-sword,Normal,Elite,Sword,22,56,59,44,44,175,100,1,100,,3,1,23789,1435551,1,1,50,94,,,2,-15,,,,,,,,,
Legendary Mallet,legendary-mallet,Normal,Elite,Mace,50,61,82,61,65,189,,1,110,,4,1,14388,1223316,,,,,,,1,20,,,,,,,,,
Lich Wand,lich-wand,Normal,Elite,Wand,10,31,75,56,17,25,,1,100,,2,1,9208,730600,,,,,,,,-20,,,,,,,,,
Light Belt,light-belt,Normal,Normal,Belt,0,0,7,0,14,0,,0,,,0,1,192,6336,,,,,,,,,,,,,3,3,0,0,0
Light Crossbow,light-crossbow,Normal,Normal,Crossbow,,,6,0,30,21,27,0,,100,3,1,803,10318,,1,6,9,,,,-10,,,,,,,,,
Light Gauntlets,light-gauntlets,Normal,Normal,Gloves,0,0,20,0,18,45,,0,,,0,1,1635,20675,,,,,,,,,,,,,9,11,0,0,0
Light Plate,light-plate,Normal,Normal,Armor,0,0,35,0,60,41,,0,,,3,1,28327,267861,,,,,,,,,,,,,90,107,1,0,0
Light Plate Boots,light-plate-boots,Normal,Normal,Boots,8,16,20,0,18,50,,0,120,,0,1,1630,20650,,,,,,,,,,,,,9,11,0,0,0
Linked Mail,linked-mail,Normal,Exceptional,Armor,0,0,42,25,26,74,,0,,,3,1,56600,393748,,,,,,,,,,,,,158,172,0,5,0
Lion Helm,lion-helm,Normal,Exceptional,Barbarian Headgear,0,0,38,29,35,73,,1,,,3,1,21378,82062,,,,,,,,,,,,,63,75,0,0,0
Lochaber Axe,lochaber-axe,Normal,Exceptional,Polearm,,,33,21,50,80,,0,100,,3,1,1206,58798,,1,6,58,,,2,10,,,,,,,,,
Long Battle Bow,long-battle-bow,Normal,Normal,Bow,,,23,0,44,40,50,0,,100,6,1,1545,49535,,1,3,18,,,,10,,,,,,,,,
Long Bow,long-bow,Normal,Normal,Bow,,,8,0,28,22,19,0,,100,5,1,490,10420,,1,3,10,,,,,,,,,,,,,
Long Siege Bow,long-siege-bow,Normal,Exceptional,Bow,,,46,25,44,80,95,0,,100,6,1,4935,252510,,1,10,42,,,,10,,,,,,,,,
Long Staff,long-staff,Normal,Normal,Staff,,,8,0,30,,,0,100,,3,1,463,10204,,1,2,8,,,1,,,,,,,,,,
Long Sword ,long-sword-,Normal,Normal,Sword,3,19,20,0,44,55,39,0,100,,4,1,1520,42900,,,,,,,1,-10,,,,,,,,,
Long War Bow,long-war-bow,Normal,Normal,Bow,,,31,0,55,50,65,0,,100,6,1,3575,128825,,1,3,23,,,,10,,,,,,,,,
Loricated Mail,loricated-mail,Normal,Elite,Armor,0,0,73,55,36,149,,1,,,4,1,262166,2382039,,,,,,,,,,,,,390,496,0,10,0
Luna,luna,Normal,Elite,Shield,17,29,61,45,84,100,,1,100,,2,1,57189,436543,,,,,,,,,,,,,108,123,0,0,20
Mace,mace,Normal,Normal,Mace,3,10,8,0,60,27,,0,100,,2,1,463,10204,,,,,,,,,,,,,,,,,
Mage Plate,mage-plate,Normal,Exceptional,Armor,0,0,60,25,60,55,,0,,,3,1,118407,1327498,,,,,,,,,,,,,225,261,1,0,0
Maiden Javelin,maiden-javelin,Normal,Normal,Amazon Javelin,8,14,23,17,6,33,47,1,80,50,,1,48,15104,,,,,6,22,2,-10,1,32,80,80,,,,,
Maiden Pike,maiden-pike,Normal,Normal,Amazon Spear,,,27,20,25,63,52,1,80,50,6,1,2023,70621,,1,23,55,,,4,10,,,,,,,,,
Maiden Spear,maiden-spear,Normal,Normal,Amazon Spear,,,18,14,28,54,40,1,80,50,6,1,1672,41596,,1,18,24,,,4,,,,,,,,,,
Mancatcher,mancatcher,Normal,Elite,Spear,,,74,55,28,132,134,1,100,,5,1,14658,1124192,,1,42,92,,,4,-20,,,,,,,,,
Martel de Fer,martel-de-fer,Normal,Exceptional,Mace,,,53,25,60,169,,0,110,,6,1,9945,556085,,1,61,99,,,2,20,,,,,,,,,
Mask,mask,Normal,Normal,Helm,0,0,19,0,20,23,,0,,,3,1,2857,25570,,,,,,,,,,,,,9,27,0,0,0
Matriarchal Bow,matriarchal-bow,Normal,Elite,Amazon Bow,,,53,39,48,87,187,1,,100,5,1,23700,1285100,,1,20,47,,,,-10,,,,,,,,,
Matriarchal Pike,matriarchal-pike,Normal,Elite,Amazon Spear,,,81,60,25,132,149,1,80,50,6,1,19407,1614967,,1,37,153,,,4,20,,,,,,,,,
Matriarchal Spear,matriarchal-spear,Normal,Elite,Amazon Spear,,,61,45,28,114,142,1,80,50,6,1,16248,1024128,,1,65,95,,,4,,,,,,,,,,
MatriarchalJavelin,matriarchaljavelin,Normal,Elite,Amazon Javelin,30,54,65,48,6,107,151,1,80,50,,1,302,54630,,,,,35,66,2,-10,1,32,80,80,,,,,
Maul,maul,Normal,Normal,Mace,,,21,0,60,69,,0,110,,6,1,1670,48070,,1,30,43,,,1,10,,,,,,,,,
Mesh Armor,mesh-armor,Normal,Exceptional,Armor,0,0,45,25,45,92,,0,,,3,1,75440,574094,,,,,,,,,,,,,198,213,0,5,0
Mesh Belt,mesh-belt,Normal,Exceptional,Belt,0,0,43,25,16,58,,0,,,0,1,13143,108261,,,,,,,,,,,,,35,40,0,0,0
Mesh Boots,mesh-boots,Normal,Exceptional,Boots,23,52,43,25,16,65,,0,120,,0,1,14103,114742,,,,,,,,,,,,,37,44,0,0,0
Mighty Scepter,mighty-scepter,Normal,Elite,Scepter,40,52,62,46,50,125,65,1,100,,2,1,20199,1285838,,,,,,,,,,,,,,,,,
Military Axe,military-axe,Normal,Exceptional,Axe,,,34,22,30,73,,0,100,,4,1,1362,65808,,1,14,34,,,1,-10,,,,,,,,,
Military Pick,military-pick,Normal,Normal,Axe,7,11,19,0,26,49,33,0,100,,6,1,1421,38999,,,,,,,1,-10,,,,,,,,,
Minion Skull,minion-skull,Normal,Elite,Necromancer Head,0,0,59,44,20,77,,1,,,2,1,56131,82069,,,,,,,,,,,,,95,139,0,0,3
Mirrored Boots,mirrored-boots,Normal,Elite,Boots,50,145,81,60,18,163,,1,120,,0,1,41658,420465,,,,,,,,,,,,,59,68,0,0,0
Mithral Point,mithral-point,Normal,Elite,Knife,37,53,70,52,55,55,98,1,75,75,1,1,17988,1296660,,,,,,,,,,,,,,,,,
Mithril Coil,mithril-coil,Normal,Elite,Belt,0,0,75,56,16,106,,1,,,0,1,37134,345000,,,,,,,,,,,,,58,65,0,0,0
Monarch,monarch,Normal,Elite,Shield,12,34,72,54,86,156,,1,100,,4,1,81896,576154,,,,,,,,,,,,,133,148,0,0,22
Morning Star,morning-star,Normal,Normal,Mace,7,16,13,0,72,36,,0,100,,3,1,844,19972,,,,,,,1,10,,,,,,,,,
Mummified Trophy,mummified-trophy,Normal,Exceptional,Necromancer Head,0,0,33,24,20,38,,1,,,2,1,11590,82069,,,,,,,,,,,,,38,48,0,0,3
Myrmidon Greaves,myrmidon-greaves,Normal,Elite,Boots,83,149,85,65,24,208,,1,120,,0,1,45459,497859,,,,,,,,,,,,,62,71,0,0,0
Mythical Sword,mythical-sword,Normal,Elite,Sword,40,50,85,66,44,147,124,1,100,,3,1,20187,1760895,,,,,,,1,,,,,,,,,,
Naga,naga,Normal,Exceptional,Axe,16,45,48,25,26,121,,0,100,,6,1,6669,346612,,,,,,,2,,,,,,,,,,
Ogre Axe,ogre-axe,Normal,Elite,Polearm,,,60,45,50,195,75,1,100,,3,1,9871,624760,,1,28,145,,,2,,,,,,,,,,
Ogre Gauntlets,ogre-gauntlets,Normal,Elite,Gloves,0,0,85,64,24,185,,1,,,0,1,45481,498191,,,,,,,,,,,,,62,71,0,0,0
Ogre Maul,ogre-maul,Normal,Elite,Mace,,,69,51,60,225,,1,110,,6,1,12156,875764,,1,77,106,,,1,10,,,,,,,,,
Oil Potion,oil-potion,Normal,Normal,Throwing Potion,0,1,28,20,2,,,0,,,,1,150,0,,,,,,,,,1,3,25,6,,,,,
Ornate Armor,ornate-armor,Normal,Exceptional,Armor,0,0,64,25,60,170,,0,,,4,1,225120,2696482,,,,,,,,,,,,,417,450,5,5,0
Overseer Skull,overseer-skull,Normal,Elite,Necromancer Head,0,0,66,49,20,91,,1,,,2,1,64122,82071,,,,,,,,,,,,,98,142,0,0,8
Partizan,partizan,Normal,Exceptional,Polearm,,,35,23,65,113,67,0,100,,5,1,5403,209105,,1,34,75,,,3,10,,,,,,,,,
Pavise,pavise,Normal,Exceptional,Shield,10,17,50,25,72,133,,0,100,,3,1,29550,278500,,,,,,,,,,,,,68,78,1,10,24
Pellet Bow,pellet-bow,Normal,Elite,Crossbow,,,57,42,30,83,155,1,,100,3,1,19512,1143184,,1,28,73,,,,-10,,,,,,,,,
Petrified Wand,petrified-wand,Normal,Exceptional,Wand,8,24,38,25,15,25,,0,100,,2,1,2535,117830,,,,,,,,10,,,,,,,,,
Phase Blade,phase-blade,Normal,Elite,Sword,31,35,73,54,0,25,136,1,100,,6,1,25680,1913640,,,,,,,1,-30,,,,,,,,,
Pike,pike,Normal,Normal,Spear,,,24,0,25,60,45,0,100,,6,1,2023,63052,,1,14,63,,,4,20,,,,,,,,,
Pilum,pilum,Normal,Normal,Javelin,4,9,10,0,3,,45,0,75,75,,1,18,7680,,,,,7,20,2,,1,25,50,50,,,,,
Plate Boots,plate-boots,Normal,Normal,Boots,10,20,27,0,24,70,,0,120,,0,1,2954,35939,,,,,,,,,,,,,12,15,0,0,0
Plate Mail,plate-mail,Normal,Normal,Armor,0,0,24,0,60,65,,0,,,2,1,22335,148510,,,,,,,,,,,,,108,116,0,10,0
Poignard,poignard,Normal,Exceptional,Knife,6,18,31,19,16,25,,0,75,75,1,1,480,32880,,,,,,,,-20,,,,,,,,,
Poleaxe,poleaxe,Normal,Normal,Polearm,,,21,0,65,62,,0,100,,5,1,1701,48721,,1,18,39,,,3,10,,,,,,,,,
Polished Wand,polished-wand,Normal,Elite,Wand,18,33,55,41,22,25,,1,100,,2,1,9412,547660,,,,,,,,,,,,,,,,,
Preserved Head,preserved-head,Normal,Normal,Necromancer Head,0,0,4,3,20,12,,1,,,2,1,128,4628,,,,,,,,,,,,,2,5,0,0,3
Protector Shield,protector-shield,Normal,Exceptional,Paladin Shield,18,24,46,34,40,69,,1,100,,4,1,52947,82067,,,,,,,,,,,,,129,153,0,0,20
Quarterstaff,quarterstaff,Normal,Exceptional,Staff,,,35,23,30,25,,0,100,,3,1,1689,79115,,1,8,26,,,1,,,,,,,,,,
Quhab,quhab,Normal,Exceptional,Assassin Blades,11,24,28,21,48,57,57,1,75,75,3,1,2334,81852,,,,,,,1,,,,,,,,,,
Quilted Armor,quilted-armor,Normal,Normal,Armor,0,0,1,0,20,12,,0,,,2,1,140,3035,,,,,,,,,,,,,8,11,0,0,0
Rage Mask,rage-mask,Normal,Exceptional,Barbarian Headgear,0,0,44,29,45,88,,1,,,3,1,30063,82063,,,,,,,,,,,,,78,90,0,0,0
Rancid Gas Potion,rancid-gas-potion,Normal,Normal,Throwing Potion,0,1,32,24,2,,,0,,,,1,200,0,,,,,,,,,1,3,25,6,,,,,
Razor Bow,razor-bow,Normal,Exceptional,Bow,,,33,21,32,25,62,0,,100,4,1,1350,63550,,1,8,22,,,,-10,,,,,,,,,
Reflex Bow,reflex-bow,Normal,Normal,Amazon Bow,,,27,20,55,35,60,1,,100,5,1,3575,112525,,1,9,19,,,,10,,,,,,,,,
Reinforced Mace,reinforced-mace,Normal,Elite,Mace,41,49,63,47,60,145,46,1,100,,2,1,14765,964195,,,,,,,,,,,,,,,,,
Repeating Crossbow,repeating-crossbow,Normal,Normal,Crossbow,,,33,0,40,40,50,0,,100,5,1,2739,109387,,1,6,12,,,,-40,,,,,,,,,
Ring Mail,ring-mail,Normal,Normal,Armor,0,0,11,0,26,36,,0,,,3,1,4428,20177,,,,,,,,,,,,,45,48,0,5,0
Rondache,rondache,Normal,Normal,Paladin Shield,2,8,8,6,30,26,,1,100,,4,1,982,10517,,,,,,,,,,,,,10,18,0,0,15
Rondel,rondel,Normal,Exceptional,Knife,10,26,36,24,20,25,58,0,75,75,1,1,1896,88756,,,,,,,,,,,,,,,,,
Round Shield,round-shield,Normal,Exceptional,Shield,7,14,37,25,64,53,,0,100,,2,1,15451,103735,,,,,,,,,,,,,47,55,0,0,12
Royal Shield,royal-shield,Normal,Exceptional,Paladin Shield,24,32,55,41,60,114,,1,100,,4,1,75374,82069,,,,,,,,,,,,,156,181,0,0,25
Rune Bow,rune-bow,Normal,Exceptional,Bow,,,49,25,48,73,103,0,,100,5,1,7800,409200,,1,14,35,,,,,,,,,,,,,
Rune Scepter,rune-scepter,Normal,Exceptional,Scepter,13,24,31,19,50,58,,0,100,,2,1,1350,59850,,,,,,,,,,,,,,,,,
Rune Staff,rune-staff,Normal,Exceptional,Staff,,,47,25,50,25,,0,100,,6,1,6255,319985,,1,24,58,,,1,20,,,,,,,,,
Rune Sword,rune-sword,Normal,Exceptional,Sword,10,42,44,25,44,103,79,0,100,,4,1,4860,238340,,,,,,,1,-10,,,,,,,,,
Runic Talons,runic-talons,Normal,Elite,Assassin Blades,24,44,81,60,69,115,115,1,75,75,3,1,17396,1452076,,,,,,,1,-30,,,,,,,,,
Russet Armor,russet-armor,Normal,Exceptional,Armor,0,0,49,25,30,97,,0,,,3,1,93404,788235,,,,,,,,,,,,,225,243,0,5,0
Saber,saber,Normal,Normal,Sword,3,8,8,0,32,25,25,0,100,,2,1,466,10228,,,,,,,,-10,,,,,,,,,
Sacred Armor,sacred-armor,Normal,Elite,Armor,0,0,85,66,60,232,,1,,,4,1,373558,4872212,,,,,,,,,,,,,487,600,5,5,0
Sacred Feathers,sacred-feathers,Normal,Exceptional,Druid Pelt,0,0,50,32,20,62,,1,,,3,1,29518,82064,,,,,,,,,,,,,58,87,0,0,0
Sacred Globe,sacred-globe,Normal,Normal,Sorceress Orb,3,8,8,0,30,,,1,100,,4,1,463,10204,,,,,,,,-10,,,,,,,,,
Sacred Rondache,sacred-rondache,Normal,Elite,Paladin Shield,35,58,70,52,68,109,,1,100,,4,1,85659,82066,,,,,,,,,,,,,138,164,0,0,28
Sacred Targe,sacred-targe,Normal,Elite,Paladin Shield,22,70,63,47,45,86,,1,100,,4,1,72618,82065,,,,,,,,,,,,,126,158,0,0,30
Sallet,sallet,Normal,Exceptional,Helm,0,0,37,25,18,43,,0,,,2,1,17210,113647,,,,,,,,,,,,,52,62,0,0,0
Sash,sash,Normal,Normal,Belt,0,0,3,0,12,0,,0,,,0,1,64,4048,,,,,,,,,,,,,2,2,0,0,0
Savage Helmet,savage-helmet,Normal,Exceptional,Barbarian Headgear,0,0,49,32,50,103,,1,,,3,1,36398,82064,,,,,,,,,,,,,85,98,0,0,0
Scale Mail,scale-mail,Normal,Normal,Armor,0,0,13,0,36,44,,0,,,2,1,6508,30151,,,,,,,,,,,,,57,60,0,10,0
Scarab Husk,scarab-husk,Normal,Elite,Armor,0,0,68,51,28,95,,1,,,4,1,232573,1891607,,,,,,,,,,,,,369,474,0,0,0
Scarabshell Boots,scarabshell-boots,Normal,Elite,Boots,60,110,66,49,14,91,,1,120,,0,1,32271,305620,,,,,,,,,,,,,56,65,0,0,0
Scepter,scepter,Normal,Normal,Scepter,6,11,3,0,50,25,,0,100,,2,1,350,5050,,,,,,,,,,,,,,,,,
Scimitar,scimitar,Normal,Normal,Sword,2,6,5,0,22,,21,0,100,,2,1,274,6370,,,,,,,,-20,,,,,,,,,
Scissors Katar,scissors-katar,Normal,Normal,Assassin Blades,9,17,24,0,68,55,55,1,75,75,3,1,1029,39196,,,,,,,1,-10,,,,,,,,,
Scissors Quhab,scissors-quhab,Normal,Exceptional,Assassin Blades,19,40,54,40,68,82,82,1,75,75,3,1,14223,797542,,,,,,,1,,,,,,,,,,
Scissors Suwayyah,scissors-suwayyah,Normal,Elite,Assassin Blades,40,51,85,64,68,118,118,1,75,75,3,1,18002,1575170,,,,,,,1,,,,,,,,,,
Scourge,scourge,Normal,Elite,Mace,3,80,76,57,65,125,77,1,100,,5,1,19532,1524932,,,,,,,2,-10,,,,,,,,,
Scutum,scutum,Normal,Exceptional,Shield,11,15,42,25,62,71,,0,100,,3,1,19537,148359,,,,,,,,,,,,,53,61,0,5,14
Scythe,scythe,Normal,Normal,Polearm,,,15,0,65,41,41,0,100,,5,1,848,22720,,1,8,20,,,1,-10,,,,,,,,,
Seraph Rod,seraph-rod,Normal,Elite,Scepter,45,54,76,57,60,108,69,1,100,,3,1,23501,1826576,,,,,,,1,10,,,,,,,,,
Serpentskin Armor,serpentskin-armor,Normal,Exceptional,Armor,0,0,36,24,24,43,,0,,,2,1,34960,197896,,,,,,,,,,,,,111,126,0,0,0
Sexton Trophy,sexton-trophy,Normal,Exceptional,Necromancer Head,0,0,45,33,20,47,,1,,,2,1,18169,82071,,,,,,,,,,,,,44,55,0,0,8
Shadow Bow,shadow-bow,Normal,Elite,Bow,,,63,47,28,52,188,1,,100,5,1,25610,1647430,,1,15,59,,,,,,,,,,,,,
Shadow Plate,shadow-plate,Normal,Elite,Armor,0,0,83,64,70,230,,1,,,4,1,336644,4274953,,,,,,,,,,,,,446,557,2,10,0
Shako,shako,Normal,Elite,Helm,0,0,58,43,12,50,,1,,,2,1,56307,503591,,,,,,,,,,,,,98,141,0,0,0
Shamshir,shamshir,Normal,Exceptional,Sword,10,24,35,23,32,58,58,0,100,,2,1,1698,79430,,,,,,,,-10,,,,,,,,,
Sharkskin Belt,sharkskin-belt,Normal,Exceptional,Belt,0,0,39,25,14,20,,0,,,0,1,10700,80809,,,,,,,,,,,,,31,36,0,0,0
Sharkskin Boots,sharkskin-boots,Normal,Exceptional,Boots,28,50,39,25,14,47,,0,120,,0,1,11393,84859,,,,,,,,,,,,,33,39,0,0,0
Sharkskin Gloves,sharkskin-gloves,Normal,Exceptional,Gloves,0,0,39,25,14,20,,0,,,0,1,11420,85063,,,,,,,,,,,,,33,39,0,0,0
Sharktooth Armor,sharktooth-armor,Normal,Exceptional,Armor,0,0,55,25,48,103,,0,,,3,1,111674,1103159,,,,,,,,,,,,,242,258,2,5,0
Shillelah,shillelah,Normal,Elite,Staff,,,83,62,40,52,27,1,100,,4,1,7986,706838,,1,65,108,,,1,,,,,,,,,,
Short Battle Bow,short-battle-bow,Normal,Normal,Bow,,,18,0,40,30,40,0,,100,5,1,1045,30310,,1,5,11,,,,,,,,,,,,,
Short Bow,short-bow,Normal,Normal,Bow,,,1,0,20,,15,0,,100,3,1,100,3100,,1,1,4,,,,5,,,,,,,,,
Short Siege Bow,short-siege-bow,Normal,Exceptional,Bow,,,43,25,40,65,80,0,,100,5,1,3435,171705,,1,13,30,,,,,,,,,,,,,
Short Spear,short-spear,Normal,Normal,Javelin,2,13,15,0,4,40,40,0,75,75,,1,24,10360,,,,,10,22,2,10,1,20,40,40,,,,,
Short Staff,short-staff,Normal,Normal,Staff,,,1,0,20,,,0,100,,2,1,168,3168,,1,1,5,,,1,-10,,,,,,,,,
Short Sword,short-sword,Normal,Normal,Sword,2,7,1,0,24,,,0,100,,2,1,72,3072,,,,,,,,,,,,,,,,,
Short War Bow,short-war-bow,Normal,Normal,Bow,,,27,0,48,35,55,0,,100,5,1,2500,83500,,1,6,14,,,,,,,,,,,,,
Siege Crossbow,siege-crossbow,Normal,Exceptional,Crossbow,,,40,25,40,80,70,0,,100,4,1,7335,315900,,1,20,42,,,,,,,,,,,,,
Silver Edged Axe,silver-edged-axe,Normal,Elite,Axe,,,65,48,35,166,65,1,100,,5,1,18956,1267140,,1,62,110,,,2,,,,,,,,,,
Simbilan,simbilan,Normal,Exceptional,Javelin,8,32,40,25,14,80,80,0,75,75,,1,135,27900,,,,,27,50,2,10,1,20,40,40,,,,,
Skull Cap,skull-cap,Normal,Normal,Helm,0,0,5,0,18,15,,0,,,2,1,441,5551,,,,,,,,,,,,,8,11,0,0,0
Sky Spirit,sky-spirit,Normal,Elite,Druid Pelt,0,0,83,62,20,113,,1,,,3,1,86575,413917,,,,,,,,,,,,,103,155,0,0,0
Slayer Guard,slayer-guard,Normal,Exceptional,Barbarian Headgear,0,0,54,40,55,118,,1,,,3,1,46633,82065,,,,,,,,,,,,,93,120,0,0,0
Small Crescent,small-crescent,Normal,Elite,Axe,38,60,61,45,24,115,83,1,100,,4,1,15781,995641,,,,,,,1,10,,,,,,,,,
Small Shield,small-shield,Normal,Normal,Shield,2,3,5,0,16,22,,0,100,,2,1,410,5512,,,,,,,,,,,,,8,10,0,0,5
Smoked Sphere,smoked-sphere,Normal,Normal,Sorceress Orb,4,10,12,8,35,,,1,100,,4,1,766,17692,,,,,,,,,,,,,,,,,
Sparkling Ball,sparkling-ball,Normal,Elite,Sorceress Orb,13,32,46,34,40,,,1,100,,4,1,3969,208074,,,,,,,,,,,,,,,,,
Spear,spear,Normal,Normal,Spear,,,5,0,30,,20,0,100,,3,1,300,6500,,1,3,15,,,3,-10,,,,,,,,,
Spetum,spetum,Normal,Normal,Spear,,,20,0,28,54,35,0,100,,6,1,1672,45940,,1,15,23,,,4,,,,,,,,,,
Spiculum,spiculum,Normal,Exceptional,Javelin,13,38,46,25,16,98,73,0,75,75,,1,145,32170,,,,,32,60,2,20,1,8,20,20,,,,,
Spider Bow,spider-bow,Normal,Elite,Bow,,,55,41,20,64,143,1,,100,3,1,21091,1190005,,1,23,50,,,,5,,,,,,,,,
Spiderweb Sash,spiderweb-sash,Normal,Elite,Belt,0,0,61,46,12,50,,1,,,0,1,28842,270466,,,,,,,,,,,,,55,62,0,0,0
Spiked Club,spiked-club,Normal,Normal,Club,5,8,4,0,36,,,0,100,,2,1,225,5400,,,,,,,1,,,,,,,,,,
Spiked Shield,spiked-shield,Normal,Normal,Shield,5,9,11,0,40,30,,0,100,,2,1,1890,13197,,,,,,,,,,,,,15,25,0,0,10
Spired Helm,spired-helm,Normal,Elite,Helm,0,0,79,59,40,192,,1,,,3,1,87168,920880,,,,,,,,,,,,,114,159,0,0,0
Spirit Mask,spirit-mask,Normal,Normal,Druid Pelt,0,0,24,18,20,30,,1,,,3,1,5670,48550,,,,,,,,,,,,,22,35,0,0,0
Splint Mail,splint-mail,Normal,Normal,Armor,0,0,20,0,30,51,,0,,,2,1,15489,89945,,,,,,,,,,,,,90,95,0,5,0
Staff of the Kings,staff-of-the-kings,Normal,Normal,Staff,,,0,0,45,25,,0,100,,,,1223,0,,1,10,15,,,2,,,,,,,,,,
Stag Bow,stag-bow,Normal,Normal,Amazon Bow,,,18,14,48,30,45,1,,100,5,1,2500,56500,,1,7,12,,,,,,,,,,,,,
Stalagmite,stalagmite,Normal,Elite,Staff,,,66,49,30,63,35,1,100,,3,1,5367,389722,,1,75,107,,,1,10,,,,,,,,,
Stilleto,stilleto,Normal,Exceptional,Knife,19,36,46,25,24,47,97,0,75,75,2,1,5592,282732,,,,,,,,-10,,,,,,,,,
Strangling Gas Potion,strangling-gas-potion,Normal,Normal,Throwing Potion,0,1,8,6,2,,,0,,,,1,40,0,,,,,,,,,1,3,25,6,,,,,
Studded Leather ,studded-leather-,Normal,Normal,Armor,0,0,8,0,32,27,,0,,,2,1,2385,11270,,,,,,,,,,,,,32,35,0,0,0
Stygian Pike,stygian-pike,Normal,Elite,Spear,,,66,49,35,168,97,1,100,,4,1,17347,1180402,,1,29,144,,,3,,,,,,,,,,
Stygian Pilum,stygian-pilum,Normal,Elite,Javelin,14,64,62,46,12,118,112,1,75,75,,1,220,47140,,,,,21,75,2,,1,25,90,50,,,,,
Succubae Skull,succubae-skull,Normal,Elite,Necromancer Head,0,0,81,60,20,95,,1,,,2,1,80462,82072,,,,,,,,,,,,,100,146,0,0,10
Sun Spirit,sun-spirit,Normal,Elite,Druid Pelt,0,0,69,51,20,95,,1,,,3,1,68617,413915,,,,,,,,,,,,,98,147,0,0,0
SuperKhalimFlail,superkhalimflail,Normal,Exceptional,Mace,1,15,0,0,30,,,0,100,,3,,1412,0,,,,,,,,-10,,,,,,,,,
Suwayyah,suwayyah,Normal,Elite,Assassin Blades,39,52,59,44,48,99,99,1,75,75,3,1,16205,988095,,,,,,,1,,,,,,,,,,
Swirling Crystal,swirling-crystal,Normal,Elite,Sorceress Orb,18,42,50,37,50,,,1,100,,4,1,6255,340250,,,,,,,,10,,,,,,,,,
Tabar,tabar,Normal,Exceptional,Axe,,,42,25,40,101,,0,100,,5,1,4086,195112,,1,24,77,,,1,10,,,,,,,,,
Targe,targe,Normal,Normal,Paladin Shield,2,6,4,3,20,16,,1,100,,4,1,384,6317,,,,,,,,,,,,,8,12,0,0,10
Templar Coat,templar-coat,Normal,Exceptional,Armor,0,0,52,25,60,118,,0,,,3,1,111395,1017928,,,,,,,,,,,,,252,274,0,10,0
Thresher,thresher,Normal,Elite,Polearm,,,71,53,65,152,118,1,100,,5,1,11086,825106,,1,12,141,,,1,-10,,,,,,,,,
Throwing Axe,throwing-axe,Normal,Normal,Throwing Axe,4,7,7,0,6,,40,0,75,75,,1,11,6077,,,,,8,12,,10,1,16,130,32,,,,,
Throwing Knife,throwing-knife,Normal,Normal,Throwing Knife,2,3,2,0,4,,21,0,75,75,,1,6,3512,,,,,4,9,,,1,40,160,75,,,,,
Throwing Spear,throwing-spear,Normal,Normal,Javelin,5,15,29,0,6,,65,0,75,75,,1,48,18392,,,,,12,30,2,-10,1,32,80,80,,,,,
Thunder Maul,thunder-maul,Normal,Elite,Mace,,,85,65,60,253,,1,110,,6,1,17821,1559785,,1,33,180,,,2,20,,,,,,,,,
Tiara,tiara,Normal,Elite,Circlet,0,0,70,52,25,0,,1,,,3,1,35000,700000,,,,,,,,,,,,,40,50,0,0,0
Tigulated Mail,tigulated-mail,Normal,Exceptional,Armor,0,0,43,25,36,86,,0,,,3,1,64242,473193,,,,,,,,,,,,,176,190,0,10,0
Tomahawk,tomahawk,Normal,Elite,Axe,33,58,54,40,28,125,67,1,100,,2,1,14033,787282,,,,,,,,,,,,,,,,,
Tomb Wand,tomb-wand,Normal,Exceptional,Wand,10,22,43,25,15,25,,0,100,,2,1,4188,204084,,,,,,,,-20,,,,,,,,,
Totemic Mask,totemic-mask,Normal,Exceptional,Druid Pelt,0,0,55,41,20,65,,1,,,3,1,38127,82065,,,,,,,,,,,,,73,98,0,0,0
Tower Shield,tower-shield,Normal,Normal,Shield,1,5,22,0,60,75,,0,100,,3,1,4249,36869,,,,,,,,,,,,,22,25,1,10,24
Trellised Armor,trellised-armor,Normal,Exceptional,Armor,0,0,40,25,32,61,,0,,,2,1,47582,305707,,,,,,,,,,,,,138,153,0,0,0
Trident,trident,Normal,Normal,Spear,,,9,0,35,38,24,0,100,,4,1,683,13147,,1,9,15,,,3,,,,,,,,,,
Troll Belt,troll-belt,Normal,Elite,Belt,0,0,82,62,18,151,,1,,,0,1,41183,411380,,,,,,,,,,,,,59,66,0,0,0
Troll Nest,troll-nest,Normal,Elite,Shield,24,38,76,57,74,106,,1,100,,3,1,101842,586580,,,,,,,,,,,,,158,173,0,0,20
Truncheon,truncheon,Normal,Elite,Club,35,43,52,39,55,88,43,1,100,,2,1,1488,105876,,,,,,,,-10,,,,,,,,,
Tulwar,tulwar,Normal,Exceptional,Sword,16,35,37,25,32,70,42,0,100,,2,1,2349,107913,,,,,,,,20,,,,,,,,,
Tusk Sword,tusk-sword,Normal,Exceptional,Sword,10,37,45,25,50,104,71,0,100,,4,1,4677,235465,1,1,19,58,,,2,,,,,,,,,,
Twin Axe,twin-axe,Normal,Exceptional,Axe,13,38,39,25,24,85,,0,100,,5,1,2919,135841,,,,,,,1,10,,,,,,,,,
Two-Handed Sword,two-handed-sword,Normal,Normal,Sword,2,9,10,0,44,35,27,0,100,,3,1,644,13940,1,1,8,17,,,2,,,,,,,,,,
Tyrant Club,tyrant-club,Normal,Elite,Club,32,58,57,42,65,133,,1,100,,3,1,6793,418201,,,,,,,1,,,,,,,,,,
Unearthed Wand,unearthed-wand,Normal,Elite,Wand,22,28,86,64,18,25,,1,100,,2,1,7687,706582,,,,,,,,,,,,,,,,,
Unraveller Head,unraveller-head,Normal,Normal,Necromancer Head,0,0,16,12,20,18,,1,,,2,1,1070,14780,,,,,,,,,,,,,6,10,0,0,8
Vambraces,vambraces,Normal,Elite,Gloves,0,0,69,51,16,106,,1,,,0,1,34964,352152,,,,,,,,,,,,,59,67,0,0,0
Vampirebone Gloves,vampirebone-gloves,Normal,Elite,Gloves,0,0,63,47,14,50,,1,,,0,1,30862,306103,,,,,,,,,,,,,56,65,0,0,0
Vampirefang Belt,vampirefang-belt,Normal,Elite,Belt,0,0,68,51,14,50,,1,,,0,1,32656,300879,,,,,,,,,,,,,56,63,0,0,0
Vortex Orb,vortex-orb,Normal,Elite,Sorceress Orb,12,66,84,63,40,,,1,100,,4,1,25207,2161888,,,,,,,,,,,,,,,,,
Vortex Shield,vortex-shield,Normal,Elite,Paladin Shield,5,87,85,66,90,148,,1,100,,4,1,139860,82069,,,,,,,,,,,,,182,225,0,0,19
Voulge,voulge,Normal,Normal,Polearm,,,11,0,50,50,,0,100,,4,1,611,14721,,1,6,21,,,2,,,,,,,,,,
Walking Stick,walking-stick,Normal,Elite,Staff,,,58,43,20,25,,1,100,,2,1,8154,504432,,1,69,85,,,1,-10,,,,,,,,,
Wand,wand,Normal,Normal,Wand,2,4,2,0,15,,,0,100,,1,1,205,3910,,,,,,,,,,,,,,,,,
War Axe,war-axe,Normal,Normal,Axe,10,18,25,0,26,67,,0,100,,6,1,2123,68075,,,,,,,2,,,,,,,,,,
War Belt,war-belt,Normal,Exceptional,Belt,0,0,54,25,24,110,,0,,,0,1,20350,218512,,,,,,,,,,,,,41,52,0,0,0
War Boots,war-boots,Normal,Exceptional,Boots,39,80,54,25,24,125,,0,120,,0,1,20885,223574,,,,,,,,,,,,,43,53,0,0,0
War Club,war-club,Normal,Exceptional,Mace,,,45,25,60,124,,0,110,,6,1,5310,263950,,1,53,78,,,1,10,,,,,,,,,
War Dart,war-dart,Normal,Exceptional,Throwing Knife,6,24,39,25,20,25,97,0,75,75,,1,100,25900,,,,,14,27,,-20,1,30,160,60,,,,,
War Fist,war-fist,Normal,Elite,Assassin Blades,44,53,68,51,64,108,108,1,75,75,2,1,15784,1109812,,,,,,,1,10,,,,,,,,,
War Fork,war-fork,Normal,Exceptional,Spear,,,41,25,28,80,95,0,100,,5,1,3786,178226,,1,16,40,,,4,-20,,,,,,,,,
War Gauntlets,war-gauntlets,Normal,Exceptional,Gloves,0,0,54,25,24,110,,0,,,0,1,20900,223744,,,,,,,,,,,,,43,53,0,0,0
War Hammer,war-hammer,Normal,Normal,Mace,19,29,25,0,55,53,,0,110,,4,1,2081,67025,,,,,,,,20,,,,,,,,,
War Hat,war-hat,Normal,Exceptional,Helm,0,0,34,22,12,20,,0,,,2,1,13560,82061,,,,,,,,,,,,,45,53,0,0,0
War Javelin,war-javelin,Normal,Exceptional,Javelin,6,19,30,18,10,25,25,0,75,75,,1,120,21100,,,,,14,32,2,-10,1,30,60,60,,,,,
War Pike,war-pike,Normal,Elite,Spear,,,85,66,25,165,106,1,100,,6,1,16070,1410950,,1,33,178,,,4,20,,,,,,,,,
War Scepter,war-scepter,Normal,Normal,Scepter,10,17,21,0,70,55,,0,100,,5,1,2323,61783,,,,,,,1,-10,,,,,,,,,
War Scythe,war-scythe,Normal,Normal,Polearm,,,34,0,55,80,80,0,100,,6,1,3388,134692,,1,15,36,,,4,-10,,,,,,,,,
War Spear,war-spear,Normal,Exceptional,Spear,,,33,21,30,25,25,0,100,,3,1,1200,58600,,1,10,37,,,3,-10,,,,,,,,,
War Spike,war-spike,Normal,Elite,Axe,30,48,79,59,26,133,54,1,100,,6,1,16108,1314532,,,,,,,1,-10,,,,,,,,,
War Staff,war-staff,Normal,Normal,Staff,,,24,0,50,,,0,100,,6,1,1985,62140,,1,12,28,,,1,20,,,,,,,,,
War Sword,war-sword,Normal,Normal,Sword,8,20,27,0,44,71,45,0,100,,3,1,1997,69919,,,,,,,1,,,,,,,,,,
Ward,ward,Normal,Elite,Shield,11,35,84,63,100,185,,1,100,,4,1,109635,856602,,,,,,,,,,,,,153,170,0,5,24
Ward Bow,ward-bow,Normal,Elite,Bow,,,80,60,48,72,146,1,,100,5,1,15042,1245860,,1,20,53,,,,,,,,,,,,,
Winged Axe,winged-axe,Normal,Elite,Throwing Axe,11,56,80,60,16,96,122,1,75,75,,1,251,62580,,,,,7,60,,-10,1,16,180,24,,,,,
Winged Harpoon,winged-harpoon,Normal,Elite,Javelin,27,35,85,65,18,76,145,1,75,75,,1,199,61915,,,,,11,77,2,-10,1,32,80,80,,,,,
Winged Helm,winged-helm,Normal,Exceptional,Helm,0,0,51,25,40,115,,0,,,3,1,37846,355900,,,,,,,,,,,,,85,98,0,0,0
Winged Knife,winged-knife,Normal,Elite,Throwing Knife,27,35,77,57,20,45,142,1,75,75,,1,248,60096,,,,,23,39,,-20,1,30,200,60,,,,,
Wire Fleece,wire-fleece,Normal,Elite,Armor,0,0,70,53,32,111,,1,,,4,1,243050,2059887,,,,,,,,,,,,,375,481,0,0,0
Wirt's Leg,wirt's-leg,Normal,Normal,Club,2,8,0,0,66,,,0,100,,3,,20,0,,,,,,,,-10,,,,,,,,,
Wolf Head,wolf-head,Normal,Normal,Druid Pelt,0,0,4,3,20,16,,1,,,3,1,364,4868,,,,,,,,,,,,,8,11,0,0,0
Wrist Blade,wrist-blade,Normal,Normal,Assassin Blades,5,9,9,0,52,33,33,1,75,75,2,1,220,8980,,,,,,,1,,,,,,,,,,
Wrist Spike,wrist-spike,Normal,Exceptional,Assassin Blades,13,27,32,24,56,66,66,1,75,75,2,1,4203,152996,,,,,,,1,-10,,,,,,,,,
Wrist Sword,wrist-sword,Normal,Elite,Assassin Blades,34,45,62,46,56,105,105,1,75,75,3,1,16996,1087252,,,,,,,1,-10,,,,,,,,,
Wyrmhide,wyrmhide,Normal,Elite,Armor,0,0,67,50,24,84,,1,,,4,1,226927,1785276,,,,,,,,,,,,,364,470,0,0,0
Wyrmhide Boots,wyrmhide-boots,Normal,Elite,Boots,65,100,60,45,12,50,,1,120,,0,1,28315,269938,,,,,,,,,,,,,54,62,0,0,0
Yari,yari,Normal,Exceptional,Spear,,,44,25,28,101,,0,100,,6,1,5316,258404,,1,29,59,,,4,,,,,,,,,,
Yew Wand,yew-wand,Normal,Normal,Wand,2,8,12,0,15,,,0,100,,1,1,745,17440,,,,,,,,10,,,,,,,,,
Zakarum Shield,zakarum-shield,Normal,Elite,Paladin Shield,46,46,82,61,65,142,,1,100,,4,1,120042,82068,,,,,,,,,,,,,169,193,0,0,22
Zombie Head,zombie-head,Normal,Normal,Necromancer Head,0,0,8,6,20,14,,1,,,2,1,418,7336,,,,,,,,,,,,,4,8,0,0,5
Zweihander,zweihander,Normal,Exceptional,Sword,19,35,49,25,50,125,94,0,100,,5,1,7500,394500,1,1,29,54,,,2,-10,,,,,,,,,
